Newark Miners's Player Name,At Bats,Hits,Batting Average,Doubles,Triples,Home Runs,RBI's,Strikeouts,Walks,Innings Pitched,ERA,Earned Runs Allowed,Runs Allowed,Strikeouts,Walks,Wins,Losses,Saves,Blown Saves
SP Nicholas Martin,17,2,.118,0,0,0,0,7,0,283.2,2.89,91,91,425,39,18,14,1,-1
RP Jeff Patton,0,0,.NaN,0,0,0,0,0,0,58.1,1.85,12,12,88,10,3,3,41,6
SP Andrew Wilkerson,9,2,.222,0,0,0,0,3,0,267.0,3.57,106,106,383,30,19,11,1,-1
RP Jessie Ayer,0,0,.NaN,0,0,0,0,0,0,2.0,0.00,0,0,2,0,0,0,2,0
SP David Ladd,0,0,.NaN,0,0,0,0,0,0,273.2,2.30,70,70,396,35,16,10,4,-4
RP William Lager,0,0,.NaN,0,0,0,0,0,0,0.0,0.00,0,0,0,0,0,0,0,0
SP Genaro Mosqueda,10,2,.200,0,0,0,0,4,0,267.1,2.83,84,84,394,28,16,14,2,-2
RP Bill Miesel,0,0,.NaN,0,0,0,0,0,0,0.0,0.00,0,0,0,0,0,0,0,0
SP Jerome Wolever,12,0,.000,0,0,0,0,8,0,158.0,5.47,96,96,215,28,7,9,0,0
RP Danny Ott,0,0,.NaN,0,0,0,0,0,0,0.0,0.00,0,0,0,0,0,0,0,0
SP Rogelio Buffington,8,0,.000,0,0,0,0,0,0,104.0,4.07,47,47,151,17,5,6,0,0
RP Joel Pacana,0,0,.NaN,0,0,0,0,0,0,0.0,0.00,0,0,0,0,0,0,0,0
1B Robert Anderson,910,170,.187,56,10,2,90,258,10
2B Joseph Thomas,1017,294,.289,78,20,18,189,207,17
2B Kent Greek,0,0,.NaN,0,0,0,0,0,0
3B Brad Godwin,1119,346,.309,102,6,46,199,149,44
3B Jon Gonzalez,0,0,.NaN,0,0,0,0,0,0
SS Ernest Griffin,986,206,.209,42,8,8,104,200,25
SS John Schuler,0,0,.NaN,0,0,0,0,0,0
LF Ronald Lozano,1080,338,.313,98,12,54,225,184,19
RF James Gonzalez,894,192,.215,44,6,10,84,228,10
CF Patrick Mize,1075,178,.166,56,4,2,94,285,13
CF Timothy Patel,829,128,.154,38,4,6,67,191,6
C Donald Wilder,1045,214,.205,58,6,12,113,201,28
C Oscar Melton,0,0,.NaN,0,0,0,0,0,0
Minneapolis Broncos's Player Name,At Bats,Hits,Batting Average,Doubles,Triples,Home Runs,RBI's,Strikeouts,Walks,Innings Pitched,ERA,Earned Runs Allowed,Runs Allowed,Strikeouts,Walks,Wins,Losses,Saves,Blown Saves
SP Robert Morrisey,8,0,.000,0,0,0,0,4,0,265.0,2.51,74,74,427,28,18,10,4,-4
RP Ronald Brown,0,0,.NaN,0,0,0,0,0,0,60.2,2.97,20,20,101,11,5,2,45,8
SP John Yoon,13,0,.000,0,0,0,0,7,0,273.0,3.13,95,95,411,37,13,16,3,-3
RP Kermit Flores,0,0,.NaN,0,0,0,0,0,0,2.0,13.50,3,3,3,0,0,1,2,1
SP Dale Ketchum,9,0,.000,0,0,0,1,5,0,270.0,3.73,112,112,354,48,12,16,3,-3
RP Fred Jameson,0,0,.NaN,0,0,0,0,0,0,0.0,0.00,0,0,0,0,0,0,0,0
SP Robert Rivera,4,0,.000,0,0,0,0,2,0,270.0,3.20,96,96,365,51,18,14,0,0
RP Jason Wilson,0,0,.NaN,0,0,0,0,0,0,0.0,0.00,0,0,0,0,0,0,0,0
SP Albert Phothisane,5,0,.000,0,0,0,1,1,0,229.0,2.16,55,55,292,33,14,8,5,-5
RP Franklyn Godbold,0,0,.NaN,0,0,0,0,0,0,0.0,0.00,0,0,0,0,0,0,0,0
SP Pedro Blaser,0,0,.NaN,0,0,0,0,0,0,50.0,1.98,11,11,61,7,4,0,0,0
RP Patrick Sato,0,0,.NaN,0,0,0,0,0,0,0.0,0.00,0,0,0,0,0,0,0,0
1B Nickolas Davis,923,170,.184,56,6,8,129,253,14
2B Troy Vance,1119,294,.263,80,4,34,143,187,32
3B Michael Woods,987,282,.286,64,12,22,159,227,23
3B Mark Weber,0,0,.NaN,0,0,0,0,0,0
SS Steven Postoak,898,152,.169,66,4,2,86,246,6
SS Daniel Bordeau,0,0,.NaN,0,0,0,0,0,0
LF Steve Berry,822,156,.190,54,0,10,80,254,7
LF Clarence Richardson,0,0,.NaN,0,0,0,0,0,0
RF Danny Fredette,951,200,.210,70,10,2,131,255,14
CF Jeremiah Soto,1027,218,.212,52,8,12,95,271,19
C Cecil Baker,1039,292,.281,102,10,22,157,185,37
C Joe Ramirez,750,98,.131,34,4,0,48,250,12
C Joshua Sparks,0,0,.NaN,0,0,0,0,0,0
Albuquerque Bears's Player Name,At Bats,Hits,Batting Average,Doubles,Triples,Home Runs,RBI's,Strikeouts,Walks,Innings Pitched,ERA,Earned Runs Allowed,Runs Allowed,Strikeouts,Walks,Wins,Losses,Saves,Blown Saves
SP Mike Fitts,10,2,.200,0,0,0,0,4,0,265.0,3.97,117,117,400,23,10,19,0,0
RP Roy Coursey,0,0,.NaN,0,0,0,0,0,0,57.0,1.26,8,8,89,4,3,0,44,4
SP George Gimpel,7,0,.000,0,0,0,0,5,0,268.1,2.65,79,79,433,23,16,10,3,-3
RP Rodney Abboud,0,0,.NaN,0,0,0,0,0,0,5.2,4.76,3,3,13,3,0,1,2,1
SP Sean Papaleo,7,0,.000,0,0,0,0,5,0,266.1,3.45,102,102,446,24,16,13,3,-3
RP George Kilgore,0,0,.NaN,0,0,0,0,0,0,0.0,0.00,0,0,0,0,0,0,0,0
SP John Young,10,0,.000,0,0,0,0,4,0,270.0,3.27,98,98,441,32,21,11,1,-1
RP Michael Mcgough,0,0,.NaN,0,0,0,0,0,0,0.0,0.00,0,0,0,0,0,0,0,0
SP Willard Weitz,15,0,.000,0,0,0,0,11,0,195.0,4.29,93,93,281,28,13,11,1,-1
RP Ruben Nowak,0,0,.NaN,0,0,0,0,0,0,0.0,0.00,0,0,0,0,0,0,0,0
SP Andrew Whittaker,0,0,.NaN,0,0,0,0,0,0,87.0,4.34,42,42,130,18,4,4,0,0
RP Jason Gutierrez,0,0,.NaN,0,0,0,0,0,0,0.0,0.00,0,0,0,0,0,0,0,0
1B David Sammons,952,272,.286,92,10,34,199,242,31
2B David Powell,1058,306,.289,56,10,28,149,210,20
2B Robert Mcninch,770,160,.208,36,6,2,54,236,9
3B Richard Ingram,852,150,.176,30,4,8,61,266,7
3B Andrew Ash,0,0,.NaN,0,0,0,0,0,0
SS Donald Harvey,854,144,.169,46,10,0,80,272,23
LF Frederick White,908,244,.269,60,8,20,132,226,34
RF Harry Killian,1084,316,.292,58,8,56,163,160,50
RF Mark Johnson,0,0,.NaN,0,0,0,0,0,0
CF Charles Philbin,1071,248,.232,74,2,22,116,223,39
C Shawn Gia,999,262,.262,52,12,16,131,209,27
C Matthew Waldon,0,0,.NaN,0,0,0,0,0,0
C Wesley Dewberry,0,0,.NaN,0,0,0,0,0,0
Phoenix Bears's Player Name,At Bats,Hits,Batting Average,Doubles,Triples,Home Runs,RBI's,Strikeouts,Walks,Innings Pitched,ERA,Earned Runs Allowed,Runs Allowed,Strikeouts,Walks,Wins,Losses,Saves,Blown Saves
SP Donald Benedict,4,0,.000,0,0,0,0,2,0,279.0,3.23,100,100,417,31,13,13,2,-2
RP Louis Sanchez,0,0,.NaN,0,0,0,0,0,0,51.0,2.12,12,12,88,2,2,2,34,4
SP Larry Totten,12,0,.000,0,0,0,0,6,0,279.0,2.39,74,74,438,27,16,14,6,-6
RP Santos Flores,0,0,.NaN,0,0,0,0,0,0,1.0,0.00,0,0,1,0,0,0,1,0
SP James Pettis,8,0,.000,0,0,0,0,4,0,273.0,4.22,128,128,385,26,15,16,1,-1
RP Bruce Benson,0,0,.NaN,0,0,0,0,0,0,0.0,0.00,0,0,0,0,0,0,0,0
SP Freddy Martin,9,2,.222,2,0,0,2,3,0,277.2,3.01,93,93,369,31,18,13,0,0
RP Lester Meeks,0,0,.NaN,0,0,0,0,0,0,0.0,0.00,0,0,0,0,0,0,0,0
SP Francis Devens,6,0,.000,0,0,0,0,0,0,196.0,3.67,80,80,287,27,14,10,3,-3
RP Eric Smith,0,0,.NaN,0,0,0,0,0,0,0.0,0.00,0,0,0,0,0,0,0,0
SP Joseph Hatcher,0,0,.NaN,0,0,0,0,0,0,82.0,2.20,20,20,131,11,5,3,1,-1
RP Paul Hart,0,0,.NaN,0,0,0,0,0,0,0.0,0.00,0,0,0,0,0,0,0,0
1B Martin Mills,1083,282,.260,78,12,30,148,243,10
2B James Piper,925,232,.251,76,6,22,138,223,25
2B Steven Hetzler,0,0,.NaN,0,0,0,0,0,0
3B Shaun Wojcik,1011,266,.263,54,12,22,131,225,23
3B Gregory Sheeley,0,0,.NaN,0,0,0,0,0,0
SS Bobby Lee,840,94,.112,24,8,0,63,278,13
SS John Wright,0,0,.NaN,0,0,0,0,0,0
LF Anthony Walsh,1054,194,.184,84,4,8,98,314,11
RF Randall Moulton,1027,264,.257,68,6,12,117,213,37
RF Mark Griffin,0,0,.NaN,0,0,0,0,0,0
CF David Lopez,903,202,.224,76,6,0,109,253,3
C Thomas Pratt,1002,212,.212,62,8,10,111,190,39
C Ernest Stenseth,810,148,.183,46,8,4,85,204,20
Grand Rapids Knights's Player Name,At Bats,Hits,Batting Average,Doubles,Triples,Home Runs,RBI's,Strikeouts,Walks,Innings Pitched,ERA,Earned Runs Allowed,Runs Allowed,Strikeouts,Walks,Wins,Losses,Saves,Blown Saves
SP Brent Miller,17,2,.118,2,0,0,0,3,0,295.0,2.56,84,84,444,27,19,12,3,-3
RP Christopher Logan,0,0,.NaN,0,0,0,0,0,0,47.2,2.64,14,14,81,5,2,1,43,3
SP Robert Cohen,13,2,.154,0,0,0,0,7,0,286.0,3.49,111,111,435,50,14,16,2,-2
RP Alberto Jorgenson,0,0,.NaN,0,0,0,0,0,0,1.0,0.00,0,0,1,0,0,0,1,0
SP Brady Bailey,12,0,.000,0,0,0,1,6,0,278.0,3.04,94,94,377,26,16,14,0,0
RP Marion Mccann,0,0,.NaN,0,0,0,0,0,0,0.0,0.00,0,0,0,0,0,0,0,0
SP Michael Gonzales,11,2,.182,0,0,0,0,5,0,264.0,4.33,127,127,365,42,16,14,0,0
RP Thomas Orman,0,0,.NaN,0,0,0,0,0,0,0.0,0.00,0,0,0,0,0,0,0,0
SP Todd Folstad,11,0,.000,0,0,0,0,5,0,229.0,3.22,82,82,341,29,12,11,1,-1
RP Scott Lewis,0,0,.NaN,0,0,0,0,0,0,0.0,0.00,0,0,0,0,0,0,0,0
SP Samuel Hoback,0,0,.NaN,0,0,0,0,0,0,41.0,6.15,28,28,55,4,3,3,0,0
RP Rick Fina,0,0,.NaN,0,0,0,0,0,0,0.0,0.00,0,0,0,0,0,0,0,0
1B Albert Lee,951,182,.191,60,2,0,91,243,5
2B Ronald Rogers,971,242,.249,70,2,24,138,217,36
2B Ronald Nestel,0,0,.NaN,0,0,0,0,0,0
3B Bruce Goetz,961,260,.271,84,8,2,139,253,7
3B Jeffrey Mccleary,0,0,.NaN,0,0,0,0,0,0
SS Michael Hernandez,1033,216,.209,74,8,14,130,271,16
SS Dave Shubert,0,0,.NaN,0,0,0,0,0,0
LF Rick Plut,917,228,.249,66,8,22,135,233,3
RF Robert Jones,1139,288,.253,68,10,12,98,211,25
CF Robert Bonesteel,1027,220,.214,66,10,8,133,221,22
CF Joshua Livshits,794,128,.161,26,8,6,66,220,8
C Robert Hilliard,1036,248,.239,84,8,16,124,290,20
C Isiah Orr,0,0,.NaN,0,0,0,0,0,0
Oakland Cardinals's Player Name,At Bats,Hits,Batting Average,Doubles,Triples,Home Runs,RBI's,Strikeouts,Walks,Innings Pitched,ERA,Earned Runs Allowed,Runs Allowed,Strikeouts,Walks,Wins,Losses,Saves,Blown Saves
SP Edward Cothren,18,4,.222,0,0,0,0,4,0,262.0,3.74,109,109,377,34,18,13,0,0
RP Amos Heavrin,0,0,.NaN,0,0,0,0,0,0,50.2,3.38,19,19,79,5,4,3,39,7
SP Edward Grawe,20,4,.200,2,0,0,4,10,0,275.1,3.20,98,98,401,36,15,14,3,-3
RP Kenton Jenkinson,0,0,.NaN,0,0,0,0,0,0,2.0,0.00,0,0,2,0,0,0,2,0
SP Charles Fan,18,6,.333,6,0,0,8,4,0,270.2,3.69,111,111,419,40,18,15,1,-1
RP Anton Pedro,0,0,.NaN,0,0,0,0,0,0,0.0,0.00,0,0,0,0,0,0,0,0
SP Michael Chiu,8,2,.250,0,0,0,0,6,0,263.0,3.46,101,101,406,28,14,13,3,-3
RP Dwight Mcbride,0,0,.NaN,0,0,0,0,0,0,0.0,0.00,0,0,0,0,0,0,0,0
SP James Perry,12,2,.167,2,0,0,2,4,0,191.0,2.87,61,61,296,25,13,8,5,-5
RP Louis Snyder,0,0,.NaN,0,0,0,0,0,0,0.0,0.00,0,0,0,0,0,0,0,0
SP William Harris,6,0,.000,0,0,0,0,2,0,89.0,3.94,39,39,133,11,5,6,1,-1
RP David Cox,0,0,.NaN,0,0,0,0,0,0,0.0,0.00,0,0,0,0,0,0,0,0
1B Raymond Webster,998,268,.269,58,14,18,171,192,31
2B Scott Waldner,941,202,.215,48,8,6,97,229,9
3B Douglas Withrow,997,306,.307,78,12,42,187,193,53
3B Jonathan Fisher,0,0,.NaN,0,0,0,0,0,0
SS Gregory Turner,1109,324,.292,72,4,14,118,145,39
SS Donald Swanson,0,0,.NaN,0,0,0,0,0,0
LF Kenneth Martinez,880,102,.116,34,6,6,68,232,14
LF Robert Larochelle,0,0,.NaN,0,0,0,0,0,0
LF Randy Wilcox,0,0,.NaN,0,0,0,0,0,0
RF Travis Sergio,1103,280,.254,98,12,10,151,207,36
CF Thomas Wood,978,222,.227,62,10,0,118,238,37
C Brandon Hamer,930,146,.157,46,10,2,100,246,15
C Richard Ciak,749,134,.179,32,4,0,51,199,17
Lexington Pirates's Player Name,At Bats,Hits,Batting Average,Doubles,Triples,Home Runs,RBI's,Strikeouts,Walks,Innings Pitched,ERA,Earned Runs Allowed,Runs Allowed,Strikeouts,Walks,Wins,Losses,Saves,Blown Saves
SP Martin Johnson,85,6,.071,0,0,0,0,31,0,269.2,2.97,89,89,388,26,16,12,1,-1
RP Jeff Coleman,0,0,.NaN,0,0,0,0,0,0,48.1,3.35,18,18,81,5,2,2,40,4
SP Carl Higgins,76,2,.026,2,0,0,5,32,0,273.0,2.90,88,88,398,29,21,12,2,-2
RP Ronald Randall,0,0,.NaN,0,0,0,0,0,0,1.0,0.00,0,0,1,0,0,0,1,0
SP John Shade,98,0,.000,0,0,0,1,38,0,278.0,2.56,79,79,433,23,15,11,0,0
RP Carlos Ku,0,0,.NaN,0,0,0,0,0,0,0.0,0.00,0,0,0,0,0,0,0,0
SP Gilbert Burrows,83,0,.000,0,0,0,1,45,1,274.0,3.28,100,100,400,35,13,17,2,-2
RP Pierre Mckey,0,0,.NaN,0,0,0,0,0,0,0.0,0.00,0,0,0,0,0,0,0,0
SP Jason Mitchell,60,0,.000,0,0,0,0,24,0,208.2,4.10,95,95,287,25,11,13,1,-1
RP Eugene Chase,0,0,.NaN,0,0,0,0,0,0,0.0,0.00,0,0,0,0,0,0,0,0
SP Mathew Gonzalez,40,2,.050,2,0,0,2,12,0,75.0,3.00,25,25,93,9,4,5,0,0
RP George Hodde,0,0,.NaN,0,0,0,0,0,0,0.0,0.00,0,0,0,0,0,0,0,0
1B Alfred Robinson,946,150,.159,50,8,0,91,280,19
2B John Rothermel,903,174,.193,48,8,4,90,253,5
2B Rickie Bhuiyan,0,0,.NaN,0,0,0,0,0,0
3B Eric Lent,927,200,.216,66,8,4,100,249,14
3B Robert Jones,0,0,.NaN,0,0,0,0,0,0
SS Ricky Perez,1036,296,.286,74,12,36,159,234,33
LF Jerrell Mcnally,1041,258,.248,66,26,48,218,245,16
RF Jeff Neptune,960,182,.190,82,12,0,121,258,6
CF Ricky Foster,1113,186,.167,38,0,6,70,285,6
CF Jose Penn,0,0,.NaN,0,0,0,0,0,0
CF Matt Patterson,0,0,.NaN,0,0,0,0,0,0
C Buck Dearmond,1133,360,.318,72,8,34,159,143,49
C Anthony Cable,400,88,.220,26,4,0,45,92,5
Garland Thunder's Player Name,At Bats,Hits,Batting Average,Doubles,Triples,Home Runs,RBI's,Strikeouts,Walks,Innings Pitched,ERA,Earned Runs Allowed,Runs Allowed,Strikeouts,Walks,Wins,Losses,Saves,Blown Saves
SP Edward Ehman,5,0,.000,0,0,0,0,3,0,276.0,1.70,52,52,473,39,27,3,3,-3
RP Andrew Macarthur,0,0,.NaN,0,0,0,0,0,0,44.0,1.02,5,5,83,3,0,0,44,0
SP Russell Adams,15,0,.000,0,0,0,0,7,0,278.0,3.92,121,121,394,39,13,19,0,0
RP Robbie Bartell,0,0,.NaN,0,0,0,0,0,0,0.0,0.00,0,0,0,0,0,0,0,0
SP Joe Whittaker,26,0,.000,0,0,0,0,4,0,271.1,3.58,108,108,391,34,12,21,3,-3
RP Scott Wilson,0,0,.NaN,0,0,0,0,0,0,0.0,0.00,0,0,0,0,0,0,0,0
SP James Hathaway,14,2,.143,0,0,0,0,6,0,269.0,4.15,124,124,413,33,15,17,3,-3
RP Mark Feist,0,0,.NaN,0,0,0,0,0,0,0.0,0.00,0,0,0,0,0,0,0,0
SP Sean Jackson,3,0,.000,0,0,0,0,3,0,196.0,2.71,59,59,281,18,14,8,2,-2
RP Kevin Burdine,0,0,.NaN,0,0,0,0,0,0,0.0,0.00,0,0,0,0,0,0,0,0
SP Don Smith,0,0,.NaN,0,0,0,0,0,0,89.0,3.03,30,30,134,16,5,5,1,-1
RP Willie Khin,0,0,.NaN,0,0,0,0,0,0,0.0,0.00,0,0,0,0,0,0,0,0
1B Steven Sloane,1015,260,.256,72,4,12,112,253,30
1B Stephen Jamal,0,0,.NaN,0,0,0,0,0,0
2B Kenneth Obrien,930,158,.170,60,2,8,129,290,6
2B William Wood,0,0,.NaN,0,0,0,0,0,0
3B Lee Scheidegger,831,152,.183,58,4,4,83,257,7
SS Robert Haase,957,170,.178,60,4,0,89,217,13
LF Garrett Arzt,988,242,.245,52,2,16,96,222,21
LF Mark Clayton,0,0,.NaN,0,0,0,0,0,0
RF James Weeks,1050,242,.230,80,2,20,128,218,37
RF Charles Ramos,0,0,.NaN,0,0,0,0,0,0
CF Alfred Taylor,915,194,.212,54,12,6,104,229,9
C David Miller,1010,242,.240,48,8,18,123,224,22
C Harry Walker,745,136,.183,40,8,4,64,215,13
Pomona Stars's Player Name,At Bats,Hits,Batting Average,Doubles,Triples,Home Runs,RBI's,Strikeouts,Walks,Innings Pitched,ERA,Earned Runs Allowed,Runs Allowed,Strikeouts,Walks,Wins,Losses,Saves,Blown Saves
SP Ronald Muller,22,6,.273,0,0,0,1,4,1,273.0,3.30,100,100,432,20,21,10,3,-3
RP Paul Bernas,0,0,.NaN,0,0,0,0,0,0,34.0,3.18,12,12,49,2,0,1,33,2
SP Arnold Estrada,11,0,.000,0,0,0,2,7,0,271.0,3.72,112,112,394,36,14,15,0,0
RP Dustin Najera,0,0,.NaN,0,0,0,0,0,0,7.2,2.35,2,2,11,0,0,1,0,1
SP James Brandstatter,18,0,.000,0,0,0,0,10,0,281.1,3.36,105,105,379,46,14,16,1,-1
RP Daryl Sanchez,0,0,.NaN,0,0,0,0,0,0,0.0,0.00,0,0,0,0,0,0,0,0
SP Miles Desai,11,0,.000,0,0,0,0,3,0,275.0,3.37,103,103,390,44,18,16,2,-2
RP Ted Olivas,0,0,.NaN,0,0,0,0,0,0,0.0,0.00,0,0,0,0,0,0,0,0
SP Donald Uriarte,3,0,.000,0,0,0,0,3,0,215.1,3.68,88,88,309,36,12,12,0,0
RP David Aguilar,0,0,.NaN,0,0,0,0,0,0,0.0,0.00,0,0,0,0,0,0,0,0
SP Jeremiah Best,6,0,.000,0,0,0,0,0,0,59.0,4.27,28,28,85,14,4,3,0,0
RP Gary Lark,0,0,.NaN,0,0,0,0,0,0,0.0,0.00,0,0,0,0,0,0,0,0
1B Tracy Marquardt,1100,310,.282,84,10,30,191,176,43
2B James Ellis,888,146,.164,54,4,0,84,288,6
2B Calvin Ryan,0,0,.NaN,0,0,0,0,0,0
3B Donald Long,928,112,.121,42,6,0,79,272,14
3B Scott Ciminera,825,118,.143,50,4,2,69,217,6
SS Carl Barlow,963,188,.195,68,6,6,109,273,17
LF Edgar Moss,1041,264,.254,64,6,16,136,195,28
RF Kenneth Stubbs,1019,256,.251,66,2,14,149,233,31
CF Kenneth Gant,1136,296,.261,110,8,36,181,244,25
CF Tony Gwinn,0,0,.NaN,0,0,0,0,0,0
C Arthur Peeler,1161,360,.310,88,8,34,160,163,34
C Vince Westfall,0,0,.NaN,0,0,0,0,0,0
C Kelly Miller,0,0,.NaN,0,0,0,0,0,0
Vallejo Grizzlies's Player Name,At Bats,Hits,Batting Average,Doubles,Triples,Home Runs,RBI's,Strikeouts,Walks,Innings Pitched,ERA,Earned Runs Allowed,Runs Allowed,Strikeouts,Walks,Wins,Losses,Saves,Blown Saves
SP John Hunter,20,0,.000,0,0,0,0,6,0,269.0,2.64,79,79,407,27,14,13,4,-4
RP William Blevins,0,0,.NaN,0,0,0,0,0,0,51.0,3.71,21,21,76,10,4,3,32,7
SP Jared Walker,18,0,.000,0,0,0,0,6,0,274.1,3.81,116,116,403,36,14,16,1,-1
RP Hector Finn,0,0,.NaN,0,0,0,0,0,0,2.0,0.00,0,0,5,0,0,0,2,0
SP Ronald Carlson,4,2,.500,2,0,0,2,2,0,262.0,4.23,123,123,411,21,10,18,1,-1
RP Ricky Phillips,0,0,.NaN,0,0,0,0,0,0,0.0,0.00,0,0,0,0,0,0,0,0
SP Rick Anderson,3,0,.000,0,0,0,0,3,0,279.0,2.58,80,80,408,34,16,13,3,-3
RP Rafael Dove,0,0,.NaN,0,0,0,0,0,0,0.0,0.00,0,0,0,0,0,0,0,0
SP Richard Alcantar,13,0,.000,0,0,0,0,3,0,158.0,2.45,43,43,211,12,12,5,1,-1
RP Robert Marenco,0,0,.NaN,0,0,0,0,0,0,0.0,0.00,0,0,0,0,0,0,0,0
SP Leon Rojo,4,0,.000,0,0,0,0,2,0,112.0,4.10,51,51,145,15,7,7,0,0
RP Barry White,0,0,.NaN,0,0,0,0,0,0,0.0,0.00,0,0,0,0,0,0,0,0
1B Joe Munoz,893,166,.186,42,8,14,111,287,6
2B Martin Mitcham,873,174,.199,80,2,0,93,251,11
2B Manuel Boyd,0,0,.NaN,0,0,0,0,0,0
3B Michael Canseco,837,138,.165,50,8,2,91,245,8
3B Jim Brito,0,0,.NaN,0,0,0,0,0,0
SS Jose Perkins,1057,302,.286,72,6,42,155,179,41
SS Joseph Slater,0,0,.NaN,0,0,0,0,0,0
LF Robert Gruber,1060,318,.300,66,6,34,156,178,25
RF Kevin Miller,941,170,.181,54,6,0,103,263,4
CF Michael Walker,1063,262,.246,90,8,4,127,243,24
CF James Hand,796,174,.219,70,10,6,123,186,4
C Christopher Lenz,910,174,.191,46,8,0,97,330,12
C Steven Jones,0,0,.NaN,0,0,0,0,0,0
Escondido Bruins's Player Name,At Bats,Hits,Batting Average,Doubles,Triples,Home Runs,RBI's,Strikeouts,Walks,Innings Pitched,ERA,Earned Runs Allowed,Runs Allowed,Strikeouts,Walks,Wins,Losses,Saves,Blown Saves
SP Craig Frost,27,2,.074,0,0,0,0,13,0,281.2,3.48,109,109,444,30,17,14,2,-2
RP Teddy Silfies,0,0,.NaN,0,0,0,0,0,0,43.2,3.71,18,18,70,7,3,3,32,6
SP Michael Tucker,24,2,.083,0,0,0,1,8,0,271.2,4.34,131,131,397,41,12,19,0,0
RP Michael Reed,0,0,.NaN,0,0,0,0,0,0,0.0,0.00,0,0,0,0,0,0,0,0
SP Richard Noerenberg,13,0,.000,0,0,0,1,7,0,275.0,4.22,129,129,380,34,18,14,2,-2
RP Shawn Thompson,0,0,.NaN,0,0,0,0,0,0,0.0,0.00,0,0,0,0,0,0,0,0
SP Homer Bishop,5,0,.000,0,0,0,0,3,0,283.0,3.75,118,118,390,43,16,15,1,-1
RP Robert Mijares,0,0,.NaN,0,0,0,0,0,0,0.0,0.00,0,0,0,0,0,0,0,0
SP Michael Gardiner,23,0,.000,0,0,0,0,3,0,209.2,3.18,74,74,307,34,12,8,1,-1
RP Carlos Peterson,0,0,.NaN,0,0,0,0,0,0,0.0,0.00,0,0,0,0,0,0,0,0
SP Jesse Lansing,6,0,.000,0,0,0,0,2,0,75.0,2.16,18,18,121,12,6,2,0,0
RP Milford Wade,0,0,.NaN,0,0,0,0,0,0,0.0,0.00,0,0,0,0,0,0,0,0
1B John Cardino,1038,270,.260,66,10,12,123,196,37
2B Charles Guillen,992,280,.282,70,2,40,164,214,22
3B Adam Olive,827,122,.148,60,0,2,101,303,17
3B Alfred Helms,0,0,.NaN,0,0,0,0,0,0
SS Anthony Falk,1023,238,.233,76,14,30,182,243,27
SS Cesar Orris,766,142,.185,40,8,8,85,234,8
LF Juan Johnson,1082,296,.274,80,2,14,128,244,45
LF Jesse Lembo,0,0,.NaN,0,0,0,0,0,0
LF Phillip Shiflett,0,0,.NaN,0,0,0,0,0,0
RF Michael Fraise,1016,232,.228,62,16,6,144,238,18
CF William Mcconnell,923,178,.193,56,8,2,105,247,16
C Juan Martin,1103,346,.314,74,8,68,213,175,47
C Gene Mccabe,0,0,.NaN,0,0,0,0,0,0
Springfield Saints's Player Name,At Bats,Hits,Batting Average,Doubles,Triples,Home Runs,RBI's,Strikeouts,Walks,Innings Pitched,ERA,Earned Runs Allowed,Runs Allowed,Strikeouts,Walks,Wins,Losses,Saves,Blown Saves
SP Jerry Escamilla,79,0,.000,0,0,0,0,35,0,270.0,3.67,110,110,411,31,18,14,1,-1
RP Roger Romanelli,0,0,.NaN,0,0,0,0,0,0,59.2,4.53,30,30,99,2,4,7,32,11
SP Juan Sullivan,90,14,.156,2,4,0,14,36,0,275.0,3.24,99,99,416,35,15,13,2,-2
RP John Maciver,0,0,.NaN,0,0,0,0,0,0,1.0,0.00,0,0,1,0,0,0,1,0
SP William Allen,95,2,.021,0,2,0,5,37,0,271.0,1.99,60,60,424,27,18,11,5,-5
RP Shawn Pepper,0,0,.NaN,0,0,0,0,0,0,0.0,0.00,0,0,0,0,0,0,0,0
SP Clay Malloy,105,4,.038,2,2,0,10,37,0,267.2,3.40,101,101,397,31,15,16,1,-1
RP James Sciallo,0,0,.NaN,0,0,0,0,0,0,0.0,0.00,0,0,0,0,0,0,0,0
SP Leonard Byrd,102,10,.098,6,0,0,8,38,1,242.0,3.05,82,82,338,35,10,13,1,-1
RP Gary Wetzel,0,0,.NaN,0,0,0,0,0,0,0.0,0.00,0,0,0,0,0,0,0,0
SP Mathew Garrett,6,0,.000,0,0,0,0,0,0,53.0,2.38,14,14,66,7,3,2,0,0
RP Gregory Simeon,0,0,.NaN,0,0,0,0,0,0,0.0,0.00,0,0,0,0,0,0,0,0
1B Mark Phillips,1029,262,.255,94,10,18,169,183,35
2B Myron Gomez,1069,286,.268,80,12,40,171,219,43
2B Bill Rojas,0,0,.NaN,0,0,0,0,0,0
3B Cameron Eckert,1034,216,.209,54,6,10,98,226,29
3B Joe Frates,0,0,.NaN,0,0,0,0,0,0
SS Luis Sax,995,222,.223,52,6,0,85,227,11
LF Steven Burgess,1144,194,.170,52,6,10,103,250,10
LF Joe Price,356,70,.197,18,6,0,35,92,10
RF William Simpson,901,152,.169,56,8,2,91,251,10
CF Jose Davis,923,230,.249,50,10,12,111,221,29
CF Ernie Goltermann,0,0,.NaN,0,0,0,0,0,0
C Ernest Herrera,1065,276,.259,58,4,30,117,199,35
C Larry Mcenery,0,0,.NaN,0,0,0,0,0,0
Kansas City Royals's Player Name,At Bats,Hits,Batting Average,Doubles,Triples,Home Runs,RBI's,Strikeouts,Walks,Innings Pitched,ERA,Earned Runs Allowed,Runs Allowed,Strikeouts,Walks,Wins,Losses,Saves,Blown Saves
SP Mark Keller,4,0,.000,0,0,0,0,4,0,269.1,4.68,140,140,372,47,14,17,0,0
RP Timothy Roberts,0,0,.NaN,0,0,0,0,0,0,60.0,1.80,12,12,91,3,3,1,42,4
SP Roy Bullock,6,0,.000,0,0,0,0,2,0,268.2,4.86,145,145,374,52,14,20,2,-2
RP Myron Persich,0,0,.NaN,0,0,0,0,0,0,2.0,0.00,0,0,3,1,0,0,2,0
SP William Watson,0,0,.NaN,0,0,0,0,0,0,265.0,4.28,126,126,386,41,14,13,0,0
RP John Small,0,0,.NaN,0,0,0,0,0,0,0.0,0.00,0,0,0,0,0,0,0,0
SP Eric Takacs,0,0,.NaN,0,0,0,0,0,0,267.1,3.06,91,91,416,28,19,10,1,-1
RP Roger Nguyen,0,0,.NaN,0,0,0,0,0,0,0.0,0.00,0,0,0,0,0,0,0,0
SP George Mims,6,0,.000,0,0,0,4,2,0,186.0,3.34,69,69,276,27,7,11,0,0
RP Thomas Allen,0,0,.NaN,0,0,0,0,0,0,0.0,0.00,0,0,0,0,0,0,0,0
SP Vincent Thrane,0,0,.NaN,0,0,0,0,0,0,96.0,3.94,42,42,131,5,6,4,0,0
RP Jeffrey Romero,0,0,.NaN,0,0,0,0,0,0,0.0,0.00,0,0,0,0,0,0,0,0
1B Luis Rubio,1111,324,.292,68,2,16,107,209,36
2B Isaac Williams,1071,292,.273,72,8,18,146,207,36
3B Wilfred Kuester,938,196,.209,54,12,2,112,278,7
3B Richard Wonch,0,0,.NaN,0,0,0,0,0,0
SS Quincy Henderson,996,278,.279,74,10,14,189,230,28
SS Christopher Moore,0,0,.NaN,0,0,0,0,0,0
LF Edwin Brower,943,124,.131,48,4,0,69,265,2
RF Willard Whitmore,951,224,.236,42,2,14,113,233,43
CF Seth Shaikh,1065,302,.284,86,10,30,207,183,36
CF Paul Brickhouse,0,0,.NaN,0,0,0,0,0,0
C Michael Everitt,924,182,.197,68,8,12,136,226,6
C Kevin Hogue,868,146,.168,64,6,2,86,232,6
C Robert Steward,0,0,.NaN,0,0,0,0,0,0
Inglewood Rebels's Player Name,At Bats,Hits,Batting Average,Doubles,Triples,Home Runs,RBI's,Strikeouts,Walks,Innings Pitched,ERA,Earned Runs Allowed,Runs Allowed,Strikeouts,Walks,Wins,Losses,Saves,Blown Saves
SP Kevin Ball,11,0,.000,0,0,0,0,3,0,265.1,3.22,95,95,400,33,17,15,0,0
RP John Ford,0,0,.NaN,0,0,0,0,0,0,43.2,3.92,19,19,62,5,0,3,37,4
SP James Tuck,5,0,.000,0,0,0,0,1,0,282.0,2.36,74,74,423,24,19,10,4,-4
RP Matthew Miller,0,0,.NaN,0,0,0,0,0,0,2.0,4.50,1,1,3,0,1,0,0,1
SP Floyd Green,10,0,.000,0,0,0,0,4,0,281.0,3.65,114,114,399,43,12,17,1,-1
RP Jacob Christiansen,0,0,.NaN,0,0,0,0,0,0,0.0,0.00,0,0,0,0,0,0,0,0
SP Jesus Richter,22,2,.091,0,0,0,2,8,0,276.2,3.32,102,102,394,44,17,14,1,-1
RP Jaime Pierce,0,0,.NaN,0,0,0,0,0,0,0.0,0.00,0,0,0,0,0,0,0,0
SP Charlie Barron,5,0,.000,0,0,0,0,3,0,162.2,5.09,92,92,231,22,5,13,1,-1
RP Edward Chambers,0,0,.NaN,0,0,0,0,0,0,0.0,0.00,0,0,0,0,0,0,0,0
SP Fernando Bryant,11,0,.000,0,0,0,0,3,0,111.2,2.50,31,31,150,14,8,4,2,-2
RP Andre Smith,0,0,.NaN,0,0,0,0,0,0,1.0,9.00,1,1,2,0,0,0,1,0
1B Mitchell Young,1069,232,.217,52,4,16,93,229,16
2B William Apostol,844,148,.175,32,2,2,41,278,8
2B Stephen Whitmore,0,0,.NaN,0,0,0,0,0,0
3B Cary Carias,884,132,.149,40,0,2,65,264,11
3B John Williams,0,0,.NaN,0,0,0,0,0,0
SS Donald Flores,969,258,.266,58,14,22,153,209,6
LF William West,990,272,.275,76,6,4,138,212,20
RF Chad Jeronimo,1012,258,.255,80,12,10,178,214,19
RF Michael Wilson,0,0,.NaN,0,0,0,0,0,0
CF George Funke,1088,308,.283,74,2,28,128,182,50
CF James Welborn,0,0,.NaN,0,0,0,0,0,0
C Herbert Torres,1058,290,.274,98,10,8,160,204,17
C Tyler Rangel,759,128,.169,40,6,6,65,239,10
San Diego Cowboys's Player Name,At Bats,Hits,Batting Average,Doubles,Triples,Home Runs,RBI's,Strikeouts,Walks,Innings Pitched,ERA,Earned Runs Allowed,Runs Allowed,Strikeouts,Walks,Wins,Losses,Saves,Blown Saves
SP Joshua Sells,11,2,.182,2,0,0,0,7,0,271.0,3.55,107,107,417,43,11,17,2,-2
RP Andrew Cribb,0,0,.NaN,0,0,0,0,0,0,55.0,1.80,11,11,84,2,2,3,39,6
SP Michael Martinez,9,0,.000,0,0,0,0,7,0,279.0,4.10,127,127,466,33,15,16,2,-2
RP Giuseppe Call,0,0,.NaN,0,0,0,0,0,0,1.0,18.00,2,2,2,0,0,1,0,1
SP Marc Kessinger,16,2,.125,2,0,0,2,6,0,263.1,4.03,118,118,417,34,16,13,3,-3
RP Leroy Ruiz,0,0,.NaN,0,0,0,0,0,0,0.0,0.00,0,0,0,0,0,0,0,0
SP Timothy Baxter,10,0,.000,0,0,0,0,4,0,266.0,3.38,100,100,400,33,12,15,1,-1
RP Kurt Chapman,0,0,.NaN,0,0,0,0,0,0,0.0,0.00,0,0,0,0,0,0,0,0
SP Ernest Mckenzie,6,0,.000,0,0,0,0,2,0,184.1,2.59,53,53,294,16,11,10,2,-2
RP Rickey Nam,0,0,.NaN,0,0,0,0,0,0,0.0,0.00,0,0,0,0,0,0,0,0
SP James Bennett,8,0,.000,0,0,0,0,2,0,86.0,2.51,24,24,124,11,6,2,0,0
RP Timothy Clark,0,0,.NaN,0,0,0,0,0,0,0.0,0.00,0,0,0,0,0,0,0,0
1B Gary Clark,1100,284,.258,76,8,40,162,164,47
1B Charles Greenwell,809,112,.138,36,4,4,60,219,8
2B Allen Teran,920,160,.174,46,8,4,83,252,5
3B Carl Kaczur,1014,274,.270,58,8,32,163,190,27
SS Richard Rodriguez,1037,286,.276,70,4,60,198,181,43
SS Kenneth Helminiak,0,0,.NaN,0,0,0,0,0,0
SS Curtis Lim,0,0,.NaN,0,0,0,0,0,0
LF Jose Hubbard,840,134,.160,40,8,2,74,278,17
RF Robert Garcia,935,104,.111,40,4,0,70,299,7
CF Donald Constantino,1150,276,.240,78,2,46,156,214,16
CF Dennis Zuroff,0,0,.NaN,0,0,0,0,0,0
C Robert Newton,939,186,.198,58,4,8,103,261,7
C Timothy Plascencia,0,0,.NaN,0,0,0,0,0,0
Colorado Springs Owls's Player Name,At Bats,Hits,Batting Average,Doubles,Triples,Home Runs,RBI's,Strikeouts,Walks,Innings Pitched,ERA,Earned Runs Allowed,Runs Allowed,Strikeouts,Walks,Wins,Losses,Saves,Blown Saves
SP Leroy Tran,16,0,.000,0,0,0,0,8,0,275.0,3.96,121,121,391,54,10,15,1,-1
RP Joshua Lundy,0,0,.NaN,0,0,0,0,0,0,57.0,3.79,24,24,90,5,4,5,38,9
SP Chad Whipple,15,0,.000,0,0,0,0,9,1,275.1,3.73,114,114,421,44,15,18,2,-2
RP Adrian Hulburt,0,0,.NaN,0,0,0,0,0,0,1.0,0.00,0,0,0,0,0,0,1,0
SP Ted Collins,26,10,.385,2,2,2,6,6,0,279.0,4.29,133,133,405,41,22,12,3,-3
RP William Fernandez,0,0,.NaN,0,0,0,0,0,0,0.0,0.00,0,0,0,0,0,0,0,0
SP Samuel Mcclain,23,4,.174,2,0,0,4,7,0,261.0,4.03,117,117,383,33,18,13,1,-1
RP Douglas Prescott,0,0,.NaN,0,0,0,0,0,0,0.0,0.00,0,0,0,0,0,0,0,0
SP Nick Madsen,7,0,.000,0,0,0,0,5,0,172.2,5.58,107,107,225,28,9,11,0,0
RP Christopher Stephens,0,0,.NaN,0,0,0,0,0,0,0.0,0.00,0,0,0,0,0,0,0,0
SP Rodney Kin,3,0,.000,0,0,0,0,3,0,95.0,1.80,19,19,157,6,7,3,1,-1
RP Christopher Lewis,0,0,.NaN,0,0,0,0,0,0,0.0,0.00,0,0,0,0,0,0,0,0
1B Victor Rodriguez,930,218,.234,66,12,0,99,216,10
2B John Keenan,996,306,.307,46,6,30,139,250,26
2B Thomas George,0,0,.NaN,0,0,0,0,0,0
3B Josef Depalma,983,232,.236,62,10,30,141,223,60
3B Herman Butler,0,0,.NaN,0,0,0,0,0,0
SS Terrence Bond,908,174,.192,52,2,0,80,268,11
LF Sean Lemay,1024,306,.299,100,20,36,236,188,22
RF Joseph Cobb,1130,370,.327,80,12,44,214,118,55
RF Adam Tate,727,130,.179,50,6,0,87,259,12
CF Bret Lasher,974,282,.290,70,6,22,152,216,25
C Raymond Jackson,1078,284,.263,60,2,34,125,256,36
C Fabian Roussel,0,0,.NaN,0,0,0,0,0,0
C Quincy Fisher,0,0,.NaN,0,0,0,0,0,0
Greensboro Owls's Player Name,At Bats,Hits,Batting Average,Doubles,Triples,Home Runs,RBI's,Strikeouts,Walks,Innings Pitched,ERA,Earned Runs Allowed,Runs Allowed,Strikeouts,Walks,Wins,Losses,Saves,Blown Saves
SP Dan Withers,16,4,.250,2,0,0,2,6,0,280.0,3.12,97,97,379,29,13,15,1,-1
RP Brent Mcmurtrey,0,0,.NaN,0,0,0,0,0,0,49.0,2.94,16,16,82,6,4,1,36,6
SP Robert Ugarte,11,0,.000,0,0,0,0,7,0,272.2,3.60,109,109,355,32,11,20,1,-1
RP Raymond Williams,0,0,.NaN,0,0,0,0,0,0,3.0,3.00,1,1,3,0,1,0,0,1
SP Wallace Chaput,12,2,.167,2,0,0,0,4,0,270.0,2.07,62,62,430,17,17,9,3,-3
RP Don Mclaughlin,0,0,.NaN,0,0,0,0,0,0,0.0,0.00,0,0,0,0,0,0,0,0
SP Glen Jorgenson,21,0,.000,0,0,0,0,7,0,268.0,2.79,83,83,370,30,19,13,0,0
RP Boyd Pifer,0,0,.NaN,0,0,0,0,0,0,0.0,0.00,0,0,0,0,0,0,0,0
SP John Trainer,12,0,.000,0,0,0,0,8,0,175.0,3.86,75,75,247,20,7,12,0,0
RP Douglas Lewis,0,0,.NaN,0,0,0,0,0,0,0.0,0.00,0,0,0,0,0,0,0,0
SP Russell Gonzalez,0,0,.NaN,0,0,0,0,0,0,95.0,3.22,34,34,128,11,4,7,3,-3
RP Russell Belcher,0,0,.NaN,0,0,0,0,0,0,1.0,0.00,0,0,1,0,0,0,1,0
1B Gerald Contreras,1020,296,.290,74,8,20,149,152,43
2B Steve Boakye,1020,270,.265,62,10,22,147,232,25
2B Patrick Townsend,0,0,.NaN,0,0,0,0,0,0
3B Daniel Jackson,812,118,.145,62,4,0,76,298,8
3B Mike Brakke,0,0,.NaN,0,0,0,0,0,0
SS Harvey Cook,1066,244,.229,74,8,24,138,220,17
LF Jermaine Kowal,923,206,.223,50,12,8,107,243,36
LF Michael Gallardo,0,0,.NaN,0,0,0,0,0,0
RF Brett Catton,937,114,.122,44,6,2,87,237,11
CF Tony Hawkins,1092,206,.189,54,0,22,98,240,24
C Edward Alvarez,889,192,.216,58,8,0,85,253,11
C Kerry Youells,766,150,.196,52,2,4,75,224,3
C Scott Brooks,0,0,.NaN,0,0,0,0,0,0
Arvada Crusaders's Player Name,At Bats,Hits,Batting Average,Doubles,Triples,Home Runs,RBI's,Strikeouts,Walks,Innings Pitched,ERA,Earned Runs Allowed,Runs Allowed,Strikeouts,Walks,Wins,Losses,Saves,Blown Saves
SP David Chisley,11,2,.182,0,0,0,0,5,0,271.1,3.22,97,97,415,36,17,13,2,-2
RP George Crociata,0,0,.NaN,0,0,0,0,0,0,38.0,3.08,13,13,55,4,3,0,34,3
SP Stephen Crespin,8,0,.000,0,0,0,0,6,0,265.0,3.91,115,115,383,42,13,16,3,-3
RP Francisco Galvao,0,0,.NaN,0,0,0,0,0,0,0.0,0.00,0,0,0,0,0,0,0,0
SP Tracy Santo,11,0,.000,0,0,0,0,5,0,292.1,2.86,93,93,427,35,11,19,2,-2
RP George Sullivan,0,0,.NaN,0,0,0,0,0,0,0.0,0.00,0,0,0,0,0,0,0,0
SP Paul Grice,0,0,.NaN,0,0,0,0,0,0,273.0,3.10,94,94,360,35,20,13,0,0
RP Bruce Adams,0,0,.NaN,0,0,0,0,0,0,0.0,0.00,0,0,0,0,0,0,0,0
SP Bradley Burdeaux,0,0,.NaN,0,0,0,0,0,0,166.1,3.19,59,59,236,15,9,10,3,-3
RP Angel Pickett,0,0,.NaN,0,0,0,0,0,0,0.0,0.00,0,0,0,0,0,0,0,0
SP Jose Thein,0,0,.NaN,0,0,0,0,0,0,105.1,3.08,36,36,144,10,5,7,3,-3
RP Allen Doyle,0,0,.NaN,0,0,0,0,0,0,0.0,0.00,0,0,0,0,0,0,0,0
1B Rodger Bahr,1034,254,.246,114,8,12,175,260,11
2B James Kerr,948,208,.219,54,12,4,111,230,34
3B Jeffrey Baylor,849,142,.167,44,4,6,101,257,14
3B Michael Harvey,0,0,.NaN,0,0,0,0,0,0
SS Allen Odonnell,918,154,.168,66,18,0,139,240,10
SS Julius Bank,0,0,.NaN,0,0,0,0,0,0
LF Jean Skipper,1093,292,.267,62,6,38,139,233,11
RF Robert Wilson,849,150,.177,46,4,0,98,227,16
RF Donald Chamberlain,0,0,.NaN,0,0,0,0,0,0
CF Pablo Coffey,1029,242,.235,60,8,16,126,203,23
C William Pridgen,928,216,.233,62,10,12,135,228,30
C Mike Jones,0,0,.NaN,0,0,0,0,0,0
C Joe Henderson,767,110,.143,28,4,0,56,239,13
Springfield Rams's Player Name,At Bats,Hits,Batting Average,Doubles,Triples,Home Runs,RBI's,Strikeouts,Walks,Innings Pitched,ERA,Earned Runs Allowed,Runs Allowed,Strikeouts,Walks,Wins,Losses,Saves,Blown Saves
SP Richard Friberg,14,2,.143,0,0,0,0,6,0,270.0,4.13,124,124,435,31,14,16,0,0
RP Jason Green,0,0,.NaN,0,0,0,0,0,0,38.1,6.10,26,26,59,1,1,6,31,7
SP Jerry Flannery,8,0,.000,0,0,0,0,4,0,265.0,3.36,99,99,366,31,16,15,1,-1
RP Tyson Stanford,0,0,.NaN,0,0,0,0,0,0,0.0,0.00,0,0,0,0,0,0,0,0
SP Ronald Bowie,15,2,.133,0,0,0,0,9,0,273.0,4.38,133,133,428,38,16,14,2,-2
RP Samuel Sanchez,0,0,.NaN,0,0,0,0,0,0,0.0,0.00,0,0,0,0,0,0,0,0
SP William Salas,31,0,.000,0,0,0,0,13,1,266.1,4.09,121,121,405,35,13,15,0,0
RP Joseph Cool,0,0,.NaN,0,0,0,0,0,0,0.0,0.00,0,0,0,0,0,0,0,0
SP Thaddeus Smith,28,0,.000,0,0,0,1,12,0,216.0,4.08,98,98,326,34,13,9,0,0
RP Javier Houlihan,0,0,.NaN,0,0,0,0,0,0,0.0,0.00,0,0,0,0,0,0,0,0
SP James Hill,0,0,.NaN,0,0,0,0,0,0,71.0,3.80,30,30,102,8,5,3,0,0
RP Alfredo Parrigan,0,0,.NaN,0,0,0,0,0,0,0.0,0.00,0,0,0,0,0,0,0,0
1B David Guidry,1115,324,.291,58,8,44,150,169,47
2B Anthony Siemer,935,248,.265,68,6,6,136,223,10
2B Gary Miller,0,0,.NaN,0,0,0,0,0,0
3B David Todaro,957,184,.192,60,12,2,140,247,13
3B Julius Tighe,0,0,.NaN,0,0,0,0,0,0
SS William Merritt,998,296,.297,84,14,30,217,186,33
LF Mitchell Sanford,862,132,.153,54,4,4,87,280,6
RF Ron Lloyd,1047,292,.279,70,16,18,173,193,19
CF Frank Smith,1107,316,.285,74,8,38,161,207,23
CF Michael Douglas,734,126,.172,54,6,0,85,228,7
CF William Gati,0,0,.NaN,0,0,0,0,0,0
C Frank Jepson,1019,298,.292,60,12,36,153,193,54
C Greg Normand,0,0,.NaN,0,0,0,0,0,0
Warren Royals's Player Name,At Bats,Hits,Batting Average,Doubles,Triples,Home Runs,RBI's,Strikeouts,Walks,Innings Pitched,ERA,Earned Runs Allowed,Runs Allowed,Strikeouts,Walks,Wins,Losses,Saves,Blown Saves
SP Jose Binder,16,2,.125,0,0,0,0,8,1,269.2,4.04,121,121,415,37,12,15,0,0
RP Donald Cogan,0,0,.NaN,0,0,0,0,0,0,54.1,3.48,21,21,88,9,3,4,33,8
SP Jim Harris,17,0,.000,0,0,0,0,11,0,278.1,3.59,111,111,400,29,13,16,3,-3
RP Alex Headley,0,0,.NaN,0,0,0,0,0,0,2.0,4.50,1,1,2,0,1,0,1,1
SP Leonard Ordonez,15,0,.000,0,0,0,0,3,0,274.0,3.12,95,95,378,39,17,11,2,-2
RP Todd Cox,0,0,.NaN,0,0,0,0,0,0,0.0,0.00,0,0,0,0,0,0,0,0
SP Herbert Patrick,9,0,.000,0,0,0,0,3,0,282.2,3.82,120,120,411,45,14,17,1,-1
RP Cyrus Carter,0,0,.NaN,0,0,0,0,0,0,0.0,0.00,0,0,0,0,0,0,0,0
SP Martin Mccollum,10,0,.000,0,0,0,0,4,0,170.0,3.49,66,66,234,21,8,10,3,-3
RP Lyle Shatley,0,0,.NaN,0,0,0,0,0,0,0.0,0.00,0,0,0,0,0,0,0,0
SP Michael Leach,0,0,.NaN,0,0,0,0,0,0,94.0,4.21,44,44,141,14,5,6,0,0
RP Ivan Battaglia,0,0,.NaN,0,0,0,0,0,0,1.0,0.00,0,0,2,0,0,0,1,0
1B Clarence Lee,1108,314,.283,56,14,42,180,164,14
2B Matthew Zamora,925,212,.229,50,2,20,107,231,26
2B Michael Nunez,768,168,.219,48,4,0,65,196,9
3B Nickolas Jennings,923,166,.180,46,6,0,77,225,14
3B Gary Beebe,0,0,.NaN,0,0,0,0,0,0
SS Ryan Martel,1024,274,.268,80,18,42,199,224,11
LF Zachary Collier,1130,358,.317,88,8,58,189,166,23
LF Roger Gosh,0,0,.NaN,0,0,0,0,0,0
LF Norbert Cregger,0,0,.NaN,0,0,0,0,0,0
RF Bobby Stolp,871,178,.204,36,8,2,77,271,3
CF Randall Douglas,1051,188,.179,60,12,12,109,309,3
C Brian Mitchell,973,164,.169,42,18,18,133,229,22
C Claude Powell,0,0,.NaN,0,0,0,0,0,0
Fayetteville Rams's Player Name,At Bats,Hits,Batting Average,Doubles,Triples,Home Runs,RBI's,Strikeouts,Walks,Innings Pitched,ERA,Earned Runs Allowed,Runs Allowed,Strikeouts,Walks,Wins,Losses,Saves,Blown Saves
SP Willie Brown,5,0,.000,0,0,0,0,1,0,267.0,3.98,118,118,394,36,14,14,1,-1
RP Joshua Leon,0,0,.NaN,0,0,0,0,0,0,50.0,5.04,28,28,59,7,4,6,36,11
SP Sidney Palmer,16,0,.000,0,0,0,0,4,0,272.1,2.61,79,79,404,24,16,13,4,-4
RP Gregg Weisbrod,0,0,.NaN,0,0,0,0,0,0,0.2,40.50,3,3,0,0,0,1,0,1
SP Carlos Eichelberger,22,10,.455,4,0,0,6,4,0,278.2,2.94,91,91,395,36,14,18,0,0
RP Christopher Goodwin,0,0,.NaN,0,0,0,0,0,0,0.0,0.00,0,0,0,0,0,0,0,0
SP Charles Jones,17,8,.471,6,0,0,10,7,0,278.0,3.14,97,97,396,39,13,15,2,-2
RP Adam Layman,0,0,.NaN,0,0,0,0,0,0,0.0,0.00,0,0,0,0,0,0,0,0
SP Timmy Anderson,4,0,.000,0,0,0,0,2,0,208.0,3.50,81,81,296,29,13,11,1,-1
RP John Evans,0,0,.NaN,0,0,0,0,0,0,0.0,0.00,0,0,0,0,0,0,0,0
SP Steven Reddix,0,0,.NaN,0,0,0,0,0,0,62.2,2.59,18,18,91,13,1,3,0,0
RP James Patel,0,0,.NaN,0,0,0,0,0,0,0.0,0.00,0,0,0,0,0,0,0,0
1B Clifford Simmons,1094,244,.223,70,6,22,126,262,14
2B Trevor Walters,989,128,.129,50,10,2,89,231,19
3B Earl Essinger,954,200,.210,60,10,0,89,262,5
3B Hector Viola,0,0,.NaN,0,0,0,0,0,0
SS Israel Begley,1063,264,.248,62,12,22,121,213,33
SS Robert Samuels,0,0,.NaN,0,0,0,0,0,0
LF Richard Waits,1034,304,.294,84,8,28,146,210,30
RF David Heffner,872,142,.163,60,4,2,81,246,10
RF Douglas Baker,0,0,.NaN,0,0,0,0,0,0
CF Matthew Thomas,854,138,.162,48,6,0,76,290,15
C Ernest Mayes,1011,256,.253,60,8,14,144,195,29
C Ricardo Mejia,779,136,.175,48,4,4,81,219,9
C Devin Singletary,0,0,.NaN,0,0,0,0,0,0
Tennessee Buccaneers's Player Name,At Bats,Hits,Batting Average,Doubles,Triples,Home Runs,RBI's,Strikeouts,Walks,Innings Pitched,ERA,Earned Runs Allowed,Runs Allowed,Strikeouts,Walks,Wins,Losses,Saves,Blown Saves
SP Joseph Beede,16,0,.000,0,0,0,0,4,0,268.2,3.62,108,108,394,29,14,15,1,-1
RP Jerome Fairfield,0,0,.NaN,0,0,0,0,0,0,48.2,3.88,21,21,85,7,3,6,36,9
SP Joe Ventura,4,0,.000,0,0,0,0,2,0,268.0,3.09,92,92,419,30,17,14,1,-1
RP William Kellner,0,0,.NaN,0,0,0,0,0,0,1.0,0.00,0,0,1,1,0,0,1,0
SP Harley Matthews,0,0,.NaN,0,0,0,0,0,0,262.0,4.40,128,128,378,35,14,15,2,-2
RP Guy Villarreal,0,0,.NaN,0,0,0,0,0,0,0.0,0.00,0,0,0,0,0,0,0,0
SP Robert Bulock,9,2,.222,0,0,0,0,3,0,266.0,4.77,141,141,345,36,12,20,0,0
RP Glen Semons,0,0,.NaN,0,0,0,0,0,0,0.0,0.00,0,0,0,0,0,0,0,0
SP Delmar Miller,3,0,.000,0,0,0,0,3,0,145.0,3.23,52,52,189,20,9,6,0,0
RP Billy Murphy,0,0,.NaN,0,0,0,0,0,0,0.0,0.00,0,0,0,0,0,0,0,0
SP John Prince,9,2,.222,0,0,0,0,3,0,130.2,2.20,32,32,170,13,9,6,0,0
RP Ryan Wallace,0,0,.NaN,0,0,0,0,0,0,0.0,0.00,0,0,0,0,0,0,0,0
1B Daniel Shipley,844,168,.199,52,2,6,93,250,15
2B Jeffery Hartwig,1009,200,.198,68,6,2,95,285,16
3B Adam Williams,865,180,.208,58,6,0,92,227,5
3B Silas Miller,769,152,.198,40,0,12,73,215,8
SS Carl Kirby,917,142,.155,44,18,0,114,247,4
SS Michael Andrisani,0,0,.NaN,0,0,0,0,0,0
LF Raymond Cripps,1036,316,.305,56,6,68,175,174,34
LF Christopher Turner,0,0,.NaN,0,0,0,0,0,0
RF William Scott,956,260,.272,104,6,10,148,192,26
RF Robert Roland,0,0,.NaN,0,0,0,0,0,0
CF Sean Larson,989,254,.257,60,14,16,138,217,15
C John Schilling,1022,268,.262,68,4,22,126,204,18
C Michael Meadows,0,0,.NaN,0,0,0,0,0,0
Elgin Cavaliers's Player Name,At Bats,Hits,Batting Average,Doubles,Triples,Home Runs,RBI's,Strikeouts,Walks,Innings Pitched,ERA,Earned Runs Allowed,Runs Allowed,Strikeouts,Walks,Wins,Losses,Saves,Blown Saves
SP William Lentine,13,0,.000,0,0,0,0,5,0,265.0,2.78,82,82,425,27,16,13,0,0
RP John Manzanares,0,0,.NaN,0,0,0,0,0,0,42.0,3.86,18,18,72,1,1,5,32,6
SP John Foster,7,2,.286,2,0,0,4,1,0,265.1,4.10,121,121,428,21,12,19,0,0
RP Alfred Sala,0,0,.NaN,0,0,0,0,0,0,1.0,0.00,0,0,1,0,0,0,1,0
SP Harrison Kidd,12,2,.167,0,0,0,0,2,0,266.0,4.64,137,137,384,49,13,15,2,-2
RP Patrick Webb,0,0,.NaN,0,0,0,0,0,0,0.0,0.00,0,0,0,0,0,0,0,0
SP James Anastos,9,0,.000,0,0,0,0,9,0,279.0,3.61,112,112,419,28,16,14,1,-1
RP Jason Interiand,0,0,.NaN,0,0,0,0,0,0,0.0,0.00,0,0,0,0,0,0,0,0
SP Danny Johnson,7,0,.000,0,0,0,0,5,0,182.0,4.20,85,85,283,31,10,10,0,0
RP Jose Mendoza,0,0,.NaN,0,0,0,0,0,0,0.0,0.00,0,0,0,0,0,0,0,0
SP Jeff Alt,4,0,.000,0,0,0,0,2,0,95.0,4.55,48,48,136,8,5,7,1,-1
RP Calvin Turner,0,0,.NaN,0,0,0,0,0,0,0.0,0.00,0,0,0,0,0,0,0,0
1B Brady Hutzler,993,290,.292,88,8,20,150,229,38
2B David Abel,1035,278,.269,96,6,20,150,251,19
2B Gregory Mann,789,180,.228,58,6,10,112,197,6
3B Thomas Russell,840,134,.160,34,8,0,80,238,11
3B William Kennedy,0,0,.NaN,0,0,0,0,0,0
SS Gregory Westphal,898,230,.256,72,2,8,112,218,40
SS Arthur Benson,0,0,.NaN,0,0,0,0,0,0
LF James Mcgee,1058,278,.263,74,4,30,125,246,25
RF Sean Olson,850,198,.233,70,8,6,121,266,15
CF William Yunga,947,256,.270,66,6,18,147,219,35
CF Raymond Stein,0,0,.NaN,0,0,0,0,0,0
C Raymundo Simpson,997,250,.251,82,4,28,198,229,19
C Scott Ferres,0,0,.NaN,0,0,0,0,0,0
California Hurricanes's Player Name,At Bats,Hits,Batting Average,Doubles,Triples,Home Runs,RBI's,Strikeouts,Walks,Innings Pitched,ERA,Earned Runs Allowed,Runs Allowed,Strikeouts,Walks,Wins,Losses,Saves,Blown Saves
SP Charles Arnold,12,0,.000,0,0,0,0,2,0,282.0,2.68,84,84,424,37,15,13,3,-3
RP Richard Mccrea,0,0,.NaN,0,0,0,0,0,0,41.2,2.38,11,11,58,4,2,1,29,3
SP Robert Heinson,16,0,.000,0,0,0,0,0,0,279.2,4.34,135,135,425,39,12,23,2,-2
RP Robert Schwartz,0,0,.NaN,0,0,0,0,0,0,1.0,9.00,1,1,0,0,0,0,1,0
SP Robert Miller,16,0,.000,0,0,0,0,8,0,275.2,3.40,104,104,391,41,10,19,1,-1
RP Harry Martinez,0,0,.NaN,0,0,0,0,0,0,0.0,0.00,0,0,0,0,0,0,0,0
SP Antonio Cato,18,4,.222,0,0,0,0,4,0,277.2,3.14,97,97,412,39,15,14,3,-3
RP Darryl Vanbramer,0,0,.NaN,0,0,0,0,0,0,0.0,0.00,0,0,0,0,0,0,0,0
SP Daniel Benitez,6,0,.000,0,0,0,0,2,0,220.2,3.67,90,90,308,30,10,12,0,0
RP Kenneth Gunderson,0,0,.NaN,0,0,0,0,0,0,0.0,0.00,0,0,0,0,0,0,0,0
SP Thomas Nieman,4,0,.000,0,0,0,0,2,0,62.0,2.18,15,15,94,12,3,1,1,-1
RP Reginald Schlabach,0,0,.NaN,0,0,0,0,0,0,0.0,0.00,0,0,0,0,0,0,0,0
1B Aaron Coleman,905,148,.164,54,4,0,93,263,7
2B Merle Grabau,965,166,.172,50,8,2,87,253,2
2B Ray Taylor,0,0,.NaN,0,0,0,0,0,0
3B Danny Escobar,1071,242,.226,62,16,16,147,203,24
3B Clifford Velazquez,833,172,.206,40,2,2,55,215,7
SS Ricardo Peacock,1083,272,.251,66,2,14,98,255,30
SS Denny Thornton,0,0,.NaN,0,0,0,0,0,0
LF Christopher Jacocks,1050,300,.286,60,2,46,150,212,48
RF William Schulte,1074,142,.132,48,2,0,65,312,21
CF Steve Perillo,983,238,.242,68,12,14,146,217,30
CF Roger Adams,0,0,.NaN,0,0,0,0,0,0
C Michael Carter,982,274,.279,80,8,24,163,234,35
C Robert Serpa,0,0,.NaN,0,0,0,0,0,0
Salem Trojans's Player Name,At Bats,Hits,Batting Average,Doubles,Triples,Home Runs,RBI's,Strikeouts,Walks,Innings Pitched,ERA,Earned Runs Allowed,Runs Allowed,Strikeouts,Walks,Wins,Losses,Saves,Blown Saves
SP Philip Lipford,75,18,.240,4,0,0,4,25,0,267.0,3.51,104,104,400,28,16,14,4,-4
RP Jerome Ramsey,0,0,.NaN,0,0,0,0,0,0,41.1,2.18,10,10,65,4,4,2,29,6
SP Joseph Carter,84,6,.071,0,2,0,6,22,0,274.0,3.55,108,108,407,35,15,16,0,0
RP Kenneth Faulkner,0,0,.NaN,0,0,0,0,0,0,2.0,4.50,1,1,2,0,0,0,2,0
SP Wade Jasmin,97,2,.021,2,0,0,2,39,0,289.2,3.60,116,116,428,42,11,20,3,-3
RP Antonio Treacy,0,0,.NaN,0,0,0,0,0,0,0.0,0.00,0,0,0,0,0,0,0,0
SP Richard Mark,99,0,.000,0,0,0,0,39,0,261.0,3.52,102,102,411,31,17,15,0,0
RP Daniel Vanalstyne,0,0,.NaN,0,0,0,0,0,0,0.0,0.00,0,0,0,0,0,0,0,0
SP Juan Cheuvront,78,0,.000,0,0,0,0,30,0,220.0,4.38,107,107,327,49,11,13,1,-1
RP Charles Fernandez,0,0,.NaN,0,0,0,0,0,0,0.0,0.00,0,0,0,0,0,0,0,0
SP Philip Jordan,16,2,.125,0,0,0,0,6,0,45.0,4.00,20,20,66,10,2,3,0,0
RP Philip Bara,0,0,.NaN,0,0,0,0,0,0,0.0,0.00,0,0,0,0,0,0,0,0
1B Daniel Gibson,1040,278,.267,80,8,14,138,198,19
2B Jason Miller,920,164,.178,48,2,4,86,284,7
2B Donald Hauschildt,0,0,.NaN,0,0,0,0,0,0
3B Mitchell Marotz,912,184,.202,50,6,10,100,236,12
3B Stanley Moss,0,0,.NaN,0,0,0,0,0,0
SS William Serrano,1117,320,.286,106,4,42,199,145,36
LF Hai Stevens,852,148,.174,46,4,2,66,270,2
RF Markus Cioffi,985,244,.248,58,10,6,108,205,29
RF Pierre Bass,0,0,.NaN,0,0,0,0,0,0
CF Patrick Evanoff,1047,216,.206,78,0,6,90,295,14
C Stacy Mohamed,1054,298,.283,72,6,16,116,200,23
C Lee Newman,378,72,.190,18,2,2,41,98,1
C Calvin Cota,0,0,.NaN,0,0,0,0,0,0
Nashville Eagles's Player Name,At Bats,Hits,Batting Average,Doubles,Triples,Home Runs,RBI's,Strikeouts,Walks,Innings Pitched,ERA,Earned Runs Allowed,Runs Allowed,Strikeouts,Walks,Wins,Losses,Saves,Blown Saves
SP Kelly Alvarez,12,4,.333,2,0,0,2,6,0,269.1,2.87,86,86,404,47,19,13,4,-4
RP Patrick Graham,0,0,.NaN,0,0,0,0,0,0,40.0,3.38,15,15,59,5,0,3,29,3
SP Houston Garcia,0,0,.NaN,0,0,0,0,0,0,287.0,2.51,80,80,437,39,22,10,3,-3
RP Frederick Eggleston,0,0,.NaN,0,0,0,0,0,0,0.0,0.00,0,0,0,0,0,0,0,0
SP Michael Topham,4,0,.000,0,0,0,0,2,0,266.2,4.19,124,124,426,34,11,21,2,-2
RP Patrick Dent,0,0,.NaN,0,0,0,0,0,0,0.0,0.00,0,0,0,0,0,0,0,0
SP Stephen Baez,19,0,.000,0,0,0,0,9,0,277.2,3.73,115,115,414,40,16,18,0,0
RP Jose Mcclintock,0,0,.NaN,0,0,0,0,0,0,0.0,0.00,0,0,0,0,0,0,0,0
SP Jack Magana,19,0,.000,0,0,0,0,9,0,199.1,3.03,67,67,308,27,10,12,1,-1
RP William Cadena,0,0,.NaN,0,0,0,0,0,0,0.0,0.00,0,0,0,0,0,0,0,0
SP Christopher Lowe,0,0,.NaN,0,0,0,0,0,0,72.0,3.63,29,29,96,10,3,6,1,-1
RP Brian Daisey,0,0,.NaN,0,0,0,0,0,0,0.0,0.00,0,0,0,0,0,0,0,0
1B Brett Weiner,940,220,.234,54,16,24,145,234,18
2B Brian Talbott,900,182,.202,44,10,0,87,220,11
3B Warren Martinez,1027,248,.241,52,10,24,108,201,31
3B George Hatfield,0,0,.NaN,0,0,0,0,0,0
SS John Kline,984,236,.240,56,4,28,131,188,40
SS Joseph Egner,0,0,.NaN,0,0,0,0,0,0
LF Erick Lovitt,1010,174,.172,48,4,0,65,320,6
LF Luke Fontaine,776,144,.186,56,6,4,76,206,3
RF Edward Gage,897,118,.132,46,2,0,63,259,14
RF Bob Wu,0,0,.NaN,0,0,0,0,0,0
CF Gus Mills,836,166,.199,58,8,12,93,266,2
C John Bair,1063,256,.241,96,6,12,128,205,23
C James Galan,0,0,.NaN,0,0,0,0,0,0
Bellevue Huskies's Player Name,At Bats,Hits,Batting Average,Doubles,Triples,Home Runs,RBI's,Strikeouts,Walks,Innings Pitched,ERA,Earned Runs Allowed,Runs Allowed,Strikeouts,Walks,Wins,Losses,Saves,Blown Saves
SP Stephen Lilley,106,14,.132,2,0,0,2,34,1,281.0,3.20,100,100,427,25,12,17,1,-1
RP Roger Johnson,0,0,.NaN,0,0,0,0,0,0,50.0,2.52,14,14,82,4,6,2,29,8
SP Willie Kee,94,0,.000,0,0,0,3,38,0,271.0,2.59,78,78,435,44,15,12,2,-2
RP John Floyd,0,0,.NaN,0,0,0,0,0,0,4.0,0.00,0,0,5,0,0,0,4,0
SP Mathew Mancini,100,2,.020,2,0,0,2,44,0,282.2,3.60,113,113,442,40,13,16,2,-2
RP Michael King,0,0,.NaN,0,0,0,0,0,0,0.0,0.00,0,0,0,0,0,0,0,0
SP Ernest Johnson,88,4,.045,4,0,0,4,32,0,268.0,4.53,135,135,382,41,13,18,0,0
RP Darius Hayes,0,0,.NaN,0,0,0,0,0,0,0.0,0.00,0,0,0,0,0,0,0,0
SP Alan Vangoor,76,6,.079,2,0,0,2,24,0,222.1,3.81,94,94,303,46,6,16,1,-1
RP James Dix,0,0,.NaN,0,0,0,0,0,0,0.0,0.00,0,0,0,0,0,0,0,0
SP Michael Adams,17,0,.000,0,0,0,0,7,0,52.0,6.23,36,36,72,10,5,3,0,0
RP James Palmer,0,0,.NaN,0,0,0,0,0,0,0.0,0.00,0,0,0,0,0,0,0,0
1B David Ramos,1084,318,.293,80,12,40,181,180,23
2B Michael Gerard,1091,306,.280,76,0,44,144,189,57
2B Jon Proffitt,0,0,.NaN,0,0,0,0,0,0
3B Michael Mann,1045,232,.222,86,12,4,147,213,8
3B David Goodwillie,0,0,.NaN,0,0,0,0,0,0
SS Walter Rundle,906,154,.170,52,4,4,110,258,7
LF Douglas Sylvester,953,142,.149,42,4,2,69,275,11
RF Dan Auttonberry,1075,238,.221,60,6,22,119,253,11
RF Edward Bengtson,0,0,.NaN,0,0,0,0,0,0
CF Harold Ring,1106,146,.132,48,8,0,73,312,6
CF David Busby,0,0,.NaN,0,0,0,0,0,0
C Gerald Augustine,942,238,.253,54,10,16,110,232,22
C Clarence Boryszewski,379,58,.153,26,4,0,37,107,2
Tallahassee Cowboys's Player Name,At Bats,Hits,Batting Average,Doubles,Triples,Home Runs,RBI's,Strikeouts,Walks,Innings Pitched,ERA,Earned Runs Allowed,Runs Allowed,Strikeouts,Walks,Wins,Losses,Saves,Blown Saves
SP Paul Burri,90,4,.044,4,0,0,4,44,0,273.2,2.86,87,87,451,39,17,10,2,-2
RP Mark Aguilar,0,0,.NaN,0,0,0,0,0,0,44.1,4.67,23,23,69,6,0,6,37,7
SP John Singh,90,6,.067,2,0,0,2,40,0,267.2,4.03,120,120,422,31,14,17,1,-1
RP Jessie Barr,0,0,.NaN,0,0,0,0,0,0,1.0,9.00,1,1,1,0,0,0,0,1
SP Michael Miksch,86,2,.023,0,0,0,0,36,0,268.1,3.45,103,103,410,29,10,22,1,-1
RP Shawn George,0,0,.NaN,0,0,0,0,0,0,0.0,0.00,0,0,0,0,0,0,0,0
SP Nicholas Barnhart,89,10,.112,2,0,0,2,33,1,276.2,2.99,92,92,405,36,18,9,4,-4
RP Diego Bell,0,0,.NaN,0,0,0,0,0,0,0.0,0.00,0,0,0,0,0,0,0,0
SP Randall King,50,0,.000,0,0,0,0,26,0,164.0,4.45,81,81,228,18,7,13,1,-1
RP Daniel Forde,0,0,.NaN,0,0,0,0,0,0,0.0,0.00,0,0,0,0,0,0,0,0
SP Kent Annoreno,29,0,.000,0,0,0,0,13,0,113.0,4.46,56,56,158,20,6,8,0,0
RP William Carter,0,0,.NaN,0,0,0,0,0,0,0.0,0.00,2,2,0,0,0,1,0,1
1B Michael Mckissick,989,268,.271,88,12,26,181,223,19
2B Brian Brinson,985,212,.215,72,6,4,129,221,37
3B Danny Harris,887,190,.214,42,4,4,68,261,10
3B Milton Robinson,368,86,.234,28,2,2,41,90,4
SS Scott Whittaker,1031,214,.208,62,10,12,127,239,27
SS Bruce Mcrae,0,0,.NaN,0,0,0,0,0,0
LF Martin Avery,949,224,.236,68,10,14,131,231,12
LF Aaron Thrasher,0,0,.NaN,0,0,0,0,0,0
RF John Burton,865,154,.178,46,8,0,76,243,12
RF Robert Martinez,0,0,.NaN,0,0,0,0,0,0
CF Ruben Thompson,1064,252,.237,68,2,20,116,232,39
C Charles Grainger,1087,314,.289,108,6,8,154,193,37
C Scott Whidden,0,0,.NaN,0,0,0,0,0,0
El Monte Spartans's Player Name,At Bats,Hits,Batting Average,Doubles,Triples,Home Runs,RBI's,Strikeouts,Walks,Innings Pitched,ERA,Earned Runs Allowed,Runs Allowed,Strikeouts,Walks,Wins,Losses,Saves,Blown Saves
SP Warren Jackson,5,2,.400,0,0,0,0,1,0,266.0,3.82,113,113,395,40,20,11,0,0
RP Eugene Paige,0,0,.NaN,0,0,0,0,0,0,44.2,3.22,16,16,75,7,2,3,32,5
SP Cory Stierwalt,16,0,.000,0,0,0,0,6,0,270.1,4.33,130,130,446,32,12,19,2,-2
RP Rodney Aus,0,0,.NaN,0,0,0,0,0,0,1.0,0.00,0,0,2,0,0,0,1,0
SP James Sturms,21,4,.190,0,0,0,0,9,0,266.0,3.32,98,98,424,33,15,16,1,-1
RP Melvin Barros,0,0,.NaN,0,0,0,0,0,0,0.0,0.00,0,0,0,0,0,0,0,0
SP Willie Creel,23,0,.000,0,0,0,0,5,0,281.1,3.26,102,102,436,27,13,18,0,0
RP Walter Northcott,0,0,.NaN,0,0,0,0,0,0,0.0,0.00,0,0,0,0,0,0,0,0
SP James Watras,0,0,.NaN,0,0,0,0,0,0,178.0,4.25,84,84,275,20,8,14,0,0
RP Frank King,0,0,.NaN,0,0,0,0,0,0,0.0,0.00,0,0,0,0,0,0,0,0
SP Wayne Lovely,18,0,.000,0,0,0,0,12,0,93.0,3.97,41,41,136,13,6,5,0,0
RP Paul Fillman,0,0,.NaN,0,0,0,0,0,0,0.0,0.00,0,0,0,0,0,0,0,0
1B Desmond Carrejo,889,150,.169,42,4,0,81,253,4
2B David Khan,915,142,.155,52,6,0,90,279,9
3B Wayne Cobb,948,140,.148,42,2,4,82,278,10
3B John Batalla,0,0,.NaN,0,0,0,0,0,0
SS Sean Vickers,1069,262,.245,36,14,22,124,181,43
SS Donald Coe,0,0,.NaN,0,0,0,0,0,0
LF Eric Curry,1006,270,.268,64,18,20,187,198,32
RF David Simpson,1139,360,.316,72,10,32,161,141,46
CF William Parent,1079,260,.241,46,6,6,91,263,27
CF John Zimmerman,0,0,.NaN,0,0,0,0,0,0
C Adrian Urban,1020,270,.265,72,14,20,182,220,34
C Henry Buck,783,142,.181,50,2,0,69,197,17
C Robt Ramirez,0,0,.NaN,0,0,0,0,0,0
Bakersfield Lions's Player Name,At Bats,Hits,Batting Average,Doubles,Triples,Home Runs,RBI's,Strikeouts,Walks,Innings Pitched,ERA,Earned Runs Allowed,Runs Allowed,Strikeouts,Walks,Wins,Losses,Saves,Blown Saves
SP David Pritchard,29,2,.069,2,0,0,2,5,0,279.1,3.74,116,116,418,40,15,17,0,0
RP Anthony Schwartz,0,0,.NaN,0,0,0,0,0,0,37.2,3.11,13,13,53,4,4,2,26,6
SP Walter Lutz,16,0,.000,0,0,0,0,10,0,276.0,3.59,110,110,398,41,15,15,2,-2
RP Craig Britton,0,0,.NaN,0,0,0,0,0,0,3.0,0.00,0,0,5,0,0,0,3,0
SP Andrew Nanney,6,0,.000,0,0,0,0,2,0,270.1,4.46,134,134,394,43,10,20,1,-1
RP Robert Kyi,0,0,.NaN,0,0,0,0,0,0,0.0,0.00,0,0,0,0,0,0,0,0
SP John Morgan,7,2,.286,2,0,0,6,1,0,284.1,3.77,119,119,413,38,11,16,1,-1
RP Leon Jones,0,0,.NaN,0,0,0,0,0,0,0.0,0.00,0,0,0,0,0,0,0,0
SP Cornelius Vera,8,0,.000,0,0,0,0,4,0,190.0,3.69,78,78,258,32,10,10,1,-1
RP Harold Riner,0,0,.NaN,0,0,0,0,0,0,0.0,0.00,0,0,0,0,0,0,0,0
SP Samuel Irving,13,0,.000,0,0,0,0,5,0,78.0,4.38,38,38,98,11,2,7,0,0
RP Jose Albrecht,0,0,.NaN,0,0,0,0,0,0,0.0,0.00,0,0,0,0,0,0,0,0
1B Ernesto Herbold,1042,254,.244,58,6,12,122,188,24
2B Juan Murray,1112,342,.308,94,4,50,188,140,61
3B William Jones,874,150,.172,28,8,6,68,278,9
3B Stanley Colborn,0,0,.NaN,0,0,0,0,0,0
SS Don Vining,1065,304,.285,74,16,34,191,225,19
SS Juan Barnett,763,110,.144,42,4,0,67,251,7
SS James Malinowski,0,0,.NaN,0,0,0,0,0,0
LF William Cruz,958,280,.292,58,12,12,145,228,22
RF Kevin Mcintyre,922,166,.180,24,4,0,51,252,10
CF Lewis Miller,1105,280,.253,72,2,18,119,253,26
CF Christopher Spencer,0,0,.NaN,0,0,0,0,0,0
C Jeremy Vines,1022,238,.233,84,4,12,133,222,30
C Thomas Erickson,0,0,.NaN,0,0,0,0,0,0
Fayetteville Bulldogs's Player Name,At Bats,Hits,Batting Average,Doubles,Triples,Home Runs,RBI's,Strikeouts,Walks,Innings Pitched,ERA,Earned Runs Allowed,Runs Allowed,Strikeouts,Walks,Wins,Losses,Saves,Blown Saves
SP John Lines,14,0,.000,0,0,0,0,6,0,282.0,2.94,92,92,407,39,10,18,2,-2
RP Eddie Standaert,0,0,.NaN,0,0,0,0,0,0,52.2,3.25,19,19,90,6,3,6,32,9
SP Glenn Souther,17,4,.235,2,0,0,2,3,0,275.2,3.20,98,98,417,38,15,15,3,-3
RP Julio Thomas,0,0,.NaN,0,0,0,0,0,0,2.0,0.00,0,0,1,1,0,0,2,0
SP Raymond Riches,21,0,.000,0,0,0,0,9,0,278.0,3.30,102,102,394,43,14,17,2,-2
RP James Sweeney,0,0,.NaN,0,0,0,0,0,0,0.0,0.00,0,0,0,0,0,0,0,0
SP Charles Fee,17,0,.000,0,0,0,0,7,0,273.0,2.90,88,88,381,39,14,12,0,0
RP Darrell Chandler,0,0,.NaN,0,0,0,0,0,0,0.0,0.00,0,0,0,0,0,0,0,0
SP Randy Brinkman,19,0,.000,0,0,0,0,7,0,204.0,3.79,86,86,275,22,13,13,0,0
RP Jim Stevens,0,0,.NaN,0,0,0,0,0,0,0.0,0.00,0,0,0,0,0,0,0,0
SP David Messer,0,0,.NaN,0,0,0,0,0,0,68.1,4.87,37,37,90,9,2,6,0,0
RP James Bentch,0,0,.NaN,0,0,0,0,0,0,0.0,0.00,0,0,0,0,0,0,0,0
1B Michael Salgado,946,210,.222,72,10,12,147,262,17
2B Byron Frick,1127,286,.254,52,6,18,107,203,17
2B James Wright,0,0,.NaN,0,0,0,0,0,0
3B Martin Arredondo,928,148,.159,52,0,4,83,248,3
3B John Budd,0,0,.NaN,0,0,0,0,0,0
SS John Essig,1031,240,.233,70,6,10,127,217,19
LF Morgan Greenwood,847,138,.163,50,4,2,70,297,8
RF Ian Winkelmann,1059,288,.272,68,4,10,121,185,33
RF Lawrence Kelly,0,0,.NaN,0,0,0,0,0,0
CF George Richman,1104,314,.284,78,2,12,103,250,19
CF James Grippo,758,130,.172,62,6,4,87,208,12
C Robert Ruiz,966,198,.205,50,16,0,117,244,4
C Jonathan Whitmire,0,0,.NaN,0,0,0,0,0,0
Oceanside Red Devils's Player Name,At Bats,Hits,Batting Average,Doubles,Triples,Home Runs,RBI's,Strikeouts,Walks,Innings Pitched,ERA,Earned Runs Allowed,Runs Allowed,Strikeouts,Walks,Wins,Losses,Saves,Blown Saves
SP Robert Hindson,14,0,.000,0,0,0,0,10,0,267.2,4.20,125,125,403,33,13,21,1,-1
RP Joseph Culotta,0,0,.NaN,0,0,0,0,0,0,29.0,4.34,14,14,47,4,3,2,19,5
SP Colin Chow,7,0,.000,0,0,0,0,1,0,270.0,3.70,111,111,404,27,17,14,1,-1
RP Matthew Takach,0,0,.NaN,0,0,0,0,0,0,2.0,0.00,0,0,4,0,0,0,2,0
SP Steven Escalante,9,0,.000,0,0,0,0,5,0,281.2,3.83,120,120,419,35,14,19,3,-3
RP Sean Church,0,0,.NaN,0,0,0,0,0,0,0.0,0.00,0,0,0,0,0,0,0,0
SP Ali Crenshaw,28,4,.143,0,0,0,0,12,0,292.1,3.82,124,124,430,27,12,20,4,-4
RP Eugene Morris,0,0,.NaN,0,0,0,0,0,0,0.0,0.00,0,0,0,0,0,0,0,0
SP Andrew Schilder,12,0,.000,0,0,0,0,6,0,213.2,3.24,77,77,323,22,11,12,2,-2
RP Arturo Williams,0,0,.NaN,0,0,0,0,0,0,0.0,0.00,0,0,0,0,0,0,0,0
SP Jose Camacho,6,0,.000,0,0,0,0,0,0,59.2,3.47,23,23,68,8,3,3,1,-1
RP Glen Rapp,0,0,.NaN,0,0,0,0,0,0,0.0,0.00,0,0,0,0,0,0,0,0
1B Chadwick Durham,935,184,.197,56,6,4,126,219,45
2B John Nelson,1094,306,.280,64,6,22,135,170,36
3B Roy Gumm,927,162,.175,44,6,14,93,237,8
3B John Tadros,0,0,.NaN,0,0,0,0,0,0
SS Alan Myers,1009,252,.250,58,6,18,134,233,21
SS Albert Speller,0,0,.NaN,0,0,0,0,0,0
LF Brandon Romanek,849,152,.179,48,2,2,73,267,10
LF Loyd Mcgregor,0,0,.NaN,0,0,0,0,0,0
LF Jed Acosta,802,176,.219,32,6,0,59,178,7
RF Brett Smith,886,196,.221,58,8,2,98,250,45
CF William Morales,1106,302,.273,42,4,24,101,248,11
C Zachary Mcardle,1017,258,.254,76,4,16,160,207,20
C Bryan Synder,0,0,.NaN,0,0,0,0,0,0
