Riverside Yellowjackets's Player Name,At Bats,Hits,Batting Average,Doubles,Triples,Home Runs,RBI's,Strikeouts,Walks,Innings Pitched,ERA,Earned Runs Allowed,Runs Allowed,Strikeouts,Walks,Wins,Losses
SP Joe Hawkins,176,2,.011,0,0,0,1,68,0,297.0,3.55,117,134,445,30,17,14
RP Antonio Woods,0,0,.NaN,0,0,0,0,0,0,0.0,0.00,0,0,0,0,0,0
SP Samuel Daniels,154,0,.000,0,0,0,0,76,0,284.1,2.37,75,78,391,34,19,6
RP Brian Brown,0,0,.NaN,0,0,0,0,0,0,0.0,0.00,0,0,0,0,0,0
SP Francisco Bergman,155,24,.155,12,4,0,12,59,0,273.2,4.05,123,131,408,38,15,13
RP Thomas Farrar,0,0,.NaN,0,0,0,0,0,0,0.0,0.00,0,0,0,0,0,0
SP Michael Skaleski,149,2,.013,0,0,0,3,63,0,276.0,3.55,109,120,385,36,23,10
RP Bernie Grinberg,0,0,.NaN,0,0,0,0,0,0,0.0,0.00,0,0,0,0,0,0
SP Joseph Godby,84,8,.095,4,2,0,8,32,0,150.1,3.65,61,65,216,23,8,9
RP Sean Scruggs,0,0,.NaN,0,0,0,0,0,0,0.0,0.00,0,0,0,0,0,0
SP Thomas Davis,76,10,.132,4,0,0,4,24,0,125.0,5.54,77,81,155,17,6,10
RP Sean Taoka,0,0,.NaN,0,0,0,0,0,0,0.0,0.00,0,0,0,0,0,0
1B Otis Hussain,1046,248,.237,54,20,30,165,200,26
2B David Thompson,1097,306,.279,84,6,24,146,195,33
3B James Mountford,0,0,.NaN,0,0,0,0,0,0
3B Andrea Denoon,873,172,.197,66,10,4,111,243,12
SS Jason Taylor,0,0,.NaN,0,0,0,0,0,0
SS Nathaniel Mitts,978,234,.239,64,18,30,178,222,17
LF Michael Roth,0,0,.NaN,0,0,0,0,0,0
LF Billy Torres,942,180,.191,82,12,4,129,226,8
RF George Victorero,998,272,.273,88,12,18,195,204,29
CF Kelvin Houser,1146,350,.305,78,8,96,230,152,45
C Patrick Rodney,0,0,.NaN,0,0,0,0,0,0
C Irving Quintana,0,0,.NaN,0,0,0,0,0,0
C Richard Epps,1108,314,.283,78,4,18,131,166,27
Garden Grove Comets's Player Name,At Bats,Hits,Batting Average,Doubles,Triples,Home Runs,RBI's,Strikeouts,Walks,Innings Pitched,ERA,Earned Runs Allowed,Runs Allowed,Strikeouts,Walks,Wins,Losses
SP Brandon Block,145,4,.028,2,0,0,2,71,0,270.2,3.06,92,95,426,36,19,8
RP Stanley White,0,0,.NaN,0,0,0,0,0,0,0.0,0.00,0,0,0,0,0,0
SP Michael Green,153,18,.118,4,2,0,9,65,0,272.1,3.97,120,135,366,39,16,14
RP Fred Nussbaum,0,0,.NaN,0,0,0,0,0,0,0.0,0.00,0,0,0,0,0,0
SP John Gorman,158,4,.025,0,2,0,7,70,0,279.1,4.25,132,144,389,36,19,16
RP Lee Dean,0,0,.NaN,0,0,0,0,0,0,0.0,0.00,0,0,0,0,0,0
SP Gregory Mccray,170,0,.000,0,0,0,2,64,0,286.2,4.71,150,163,407,50,15,19
RP Adam Dixon,0,0,.NaN,0,0,0,0,0,0,0.0,0.00,0,0,0,0,0,0
SP Leo Tackett,101,2,.020,0,0,0,1,45,0,182.2,3.84,78,81,239,19,8,10
RP Joseph Rodriquez,0,0,.NaN,0,0,0,0,0,0,0.0,0.00,0,0,0,0,0,0
SP Austin Landis,49,6,.122,6,0,0,7,23,0,96.0,4.41,47,51,146,14,7,4
RP Erik Rende,0,0,.NaN,0,0,0,0,0,0,0.0,0.00,0,0,0,0,0,0
1B Richard Sahakian,1116,344,.308,78,26,64,244,154,31
2B Todd Purvis,1078,332,.308,84,6,46,188,152,33
3B Joshua Thran,0,0,.NaN,0,0,0,0,0,0
3B James Lafont,917,248,.270,66,10,22,168,187,17
SS John Johns,0,0,.NaN,0,0,0,0,0,0
SS Alexander York,999,256,.256,74,14,22,173,217,19
LF Jerry Kelley,0,0,.NaN,0,0,0,0,0,0
LF Herbert Loucks,933,214,.229,48,8,18,123,215,21
RF Jerry Warren,1030,278,.270,70,6,38,145,190,70
CF Bruce Davison,1155,336,.291,118,10,44,213,195,21
C James Dye,0,0,.NaN,0,0,0,0,0,0
C John Oerman,0,0,.NaN,0,0,0,0,0,0
C Roger Cohen,974,286,.294,60,10,40,169,196,17
Jacksonville Tigers's Player Name,At Bats,Hits,Batting Average,Doubles,Triples,Home Runs,RBI's,Strikeouts,Walks,Innings Pitched,ERA,Earned Runs Allowed,Runs Allowed,Strikeouts,Walks,Wins,Losses
SP Jimmy Garcia,156,4,.026,2,0,0,3,70,0,277.0,3.77,116,124,414,39,15,13
RP Richard Thompson,0,0,.NaN,0,0,0,0,0,0,0.0,0.00,0,0,0,0,0,0
SP Calvin Melton,159,8,.050,0,0,0,2,69,0,282.0,3.96,124,130,441,44,13,17
RP Brandon Winston,0,0,.NaN,0,0,0,0,0,0,0.0,0.00,0,0,0,0,0,0
SP Dale Zamora,157,6,.038,2,2,0,4,67,0,277.2,3.18,98,114,373,55,16,17
RP Forest Rodriguez,0,0,.NaN,0,0,0,0,0,0,0.0,0.00,0,0,0,0,0,0
SP Juan Waldschmidt,152,16,.105,4,8,0,24,68,1,275.0,3.50,107,118,396,54,19,10
RP Elliott Warburton,0,0,.NaN,0,0,0,0,0,0,0.0,0.00,0,0,0,0,0,0
SP Bryan Webster,139,6,.043,2,2,0,10,51,0,244.1,3.24,88,91,374,30,17,9
RP William Russell,0,0,.NaN,0,0,0,0,0,0,0.0,0.00,0,0,0,0,0,0
SP Jason Rhyne,25,0,.000,0,0,0,0,13,0,42.0,1.71,8,8,54,7,4,1
RP Greg Richardson,0,0,.NaN,0,0,0,0,0,0,0.0,0.00,0,0,0,0,0,0
1B James Rivera,1001,254,.254,72,4,30,158,203,47
2B David Taylor,918,250,.272,74,12,8,146,222,22
3B Donald Mukherjee,0,0,.NaN,0,0,0,0,0,0
3B Alan Garcia,868,154,.177,46,12,0,90,250,15
SS Robert Lovin,0,0,.NaN,0,0,0,0,0,0
SS Bryan Wheelock,0,0,.NaN,0,0,0,0,0,0
SS David Ogle,998,236,.236,80,16,12,172,206,10
LF Francis Holland,0,0,.NaN,0,0,0,0,0,0
LF Rodney Gutierres,1044,282,.270,66,10,10,145,220,14
RF Herman Gillham,1110,322,.290,88,4,44,179,182,51
CF Dale Gibson,1100,320,.291,62,8,40,164,166,43
C Robert Auchenbach,0,0,.NaN,0,0,0,0,0,0
C Garrett Washington,977,218,.223,54,14,26,180,219,28
Mesa Jaguars's Player Name,At Bats,Hits,Batting Average,Doubles,Triples,Home Runs,RBI's,Strikeouts,Walks,Innings Pitched,ERA,Earned Runs Allowed,Runs Allowed,Strikeouts,Walks,Wins,Losses
SP Robert Presley,137,4,.029,0,2,0,8,79,0,275.0,3.04,93,96,408,36,13,14
RP Leslie Dones,0,0,.NaN,0,0,0,0,0,0,0.0,0.00,0,0,0,0,0,0
SP Richard Rico,157,0,.000,0,0,0,1,73,0,283.0,3.15,99,101,373,31,20,13
RP Ray Collins,0,0,.NaN,0,0,0,0,0,0,0.0,0.00,0,0,0,0,0,0
SP Eric Yochum,175,2,.011,0,0,0,0,75,0,299.0,3.01,100,104,443,31,18,13
RP James Mcginn,0,0,.NaN,0,0,0,0,0,0,0.0,0.00,0,0,0,0,0,0
SP Felix Miller,152,10,.066,2,0,0,7,62,0,274.2,2.85,87,90,398,29,15,16
RP Alan Aguilar,0,0,.NaN,0,0,0,0,0,0,0.0,0.00,0,0,0,0,0,0
SP Adam Domenico,116,0,.000,0,0,0,3,50,0,209.0,3.70,86,91,276,40,13,12
RP John Greeley,0,0,.NaN,0,0,0,0,0,0,0.0,0.00,0,0,0,0,0,0
SP Robert Stewart,41,4,.098,0,0,0,0,15,0,68.0,6.09,46,47,103,13,3,6
RP David Fejeran,0,0,.NaN,0,0,0,0,0,0,0.0,0.00,0,0,0,0,0,0
1B Hugh Lopez,932,260,.279,76,12,14,168,186,32
2B Henry Murphy,1149,322,.280,98,2,34,180,147,29
3B Willie Fullington,0,0,.NaN,0,0,0,0,0,0
3B Christopher Loose,888,154,.173,72,2,2,104,258,10
SS Gregory Precise,0,0,.NaN,0,0,0,0,0,0
SS Arthur Atkins,0,0,.NaN,0,0,0,0,0,0
SS Scotty Wissing,1059,282,.266,72,6,14,132,185,19
LF Timothy Rosario,991,258,.260,70,14,46,202,187,23
LF Andy Murphy,0,0,.NaN,0,0,0,0,0,0
RF Francisco Brown,1083,322,.297,122,16,46,235,199,14
CF Lenard Castellanos,1090,238,.218,56,10,14,118,294,12
C Mitchell Breaux,0,0,.NaN,0,0,0,0,0,0
C Aaron Lively,1014,292,.288,80,14,18,189,200,25
Pasadena Lakers's Player Name,At Bats,Hits,Batting Average,Doubles,Triples,Home Runs,RBI's,Strikeouts,Walks,Innings Pitched,ERA,Earned Runs Allowed,Runs Allowed,Strikeouts,Walks,Wins,Losses
SP Steve Penney,168,14,.083,6,0,0,9,56,0,281.1,3.33,104,113,451,30,16,14
RP Terry Walters,0,0,.NaN,0,0,0,0,0,0,0.0,0.00,0,0,0,0,0,0
SP Timothy Myers,161,6,.037,4,0,0,6,63,0,284.1,3.36,106,116,410,45,13,14
RP Ryan Purdham,0,0,.NaN,0,0,0,0,0,0,0.0,0.00,0,0,0,0,0,0
SP Mark Mayo,156,14,.090,6,0,0,5,66,0,277.2,3.14,97,101,446,28,17,14
RP Steven Meyer,0,0,.NaN,0,0,0,0,0,0,0.0,0.00,0,0,0,0,0,0
SP Rodney Doroshenko,179,42,.235,18,0,2,24,37,4,302.0,3.49,117,128,463,35,18,13
RP Robert Johnston,0,0,.NaN,0,0,0,0,0,0,0.0,0.00,0,0,0,0,0,0
SP Daniel Reynolds,104,0,.000,0,0,0,1,52,0,201.1,4.07,91,97,281,28,12,9
RP Michael Koeppel,0,0,.NaN,0,0,0,0,0,0,0.0,0.00,0,0,0,0,0,0
SP Laurence Wetherington,41,2,.049,0,0,0,1,21,0,78.0,3.35,29,32,125,15,5,4
RP Thomas Simonds,0,0,.NaN,0,0,0,0,0,0,0.0,0.00,0,0,0,0,0,0
1B Stephen Keiser,1072,344,.321,66,8,52,179,170,60
2B Bruce Crandall,972,214,.220,72,6,24,160,226,21
3B Bryon Benson,0,0,.NaN,0,0,0,0,0,0
3B Bryan Inman,993,220,.222,70,12,24,189,243,26
SS Dominic Roberson,0,0,.NaN,0,0,0,0,0,0
SS Cole Brown,901,192,.213,46,8,24,131,243,22
SS Timothy Polk,0,0,.NaN,0,0,0,0,0,0
LF Bill Stover,0,0,.NaN,0,0,0,0,0,0
LF Kyle Evans,947,246,.260,46,10,38,163,221,19
RF Larry Honig,1046,290,.277,78,12,34,195,168,59
CF Curtis Martinez,1139,266,.234,74,8,8,104,237,11
C George Wilson,0,0,.NaN,0,0,0,0,0,0
C Kent Wolf,875,146,.167,58,4,2,92,251,6
Chula Vista Sharks's Player Name,At Bats,Hits,Batting Average,Doubles,Triples,Home Runs,RBI's,Strikeouts,Walks,Innings Pitched,ERA,Earned Runs Allowed,Runs Allowed,Strikeouts,Walks,Wins,Losses
SP David Mendez,163,24,.147,14,0,0,22,59,0,285.2,4.06,129,133,424,39,20,14
RP Kent Robson,0,0,.NaN,0,0,0,0,0,0,0.0,0.00,0,0,0,0,0,0
SP Maxwell Plante,173,2,.012,0,0,0,4,71,0,288.1,4.40,141,156,409,33,15,18
RP Michael Kondo,0,0,.NaN,0,0,0,0,0,0,0.0,0.00,0,0,0,0,0,0
SP Willis Pawlak,146,14,.096,2,0,0,7,72,2,277.2,3.73,115,119,402,36,14,16
RP Michael Gutierrez,0,0,.NaN,0,0,0,0,0,0,0.0,0.00,0,0,0,0,0,0
SP Ernest Meyer,166,10,.060,2,0,0,2,64,0,275.2,4.28,131,135,392,45,16,11
RP Charles Tatum,0,0,.NaN,0,0,0,0,0,0,0.0,0.00,0,0,0,0,0,0
SP Jack Fry,134,20,.149,0,0,0,0,42,0,219.2,3.77,92,96,323,24,13,12
RP Edward Kerper,0,0,.NaN,0,0,0,0,0,0,0.0,0.00,0,0,0,0,0,0
SP Daniel Haire,33,0,.000,0,0,0,0,15,0,62.0,2.90,20,21,90,14,5,1
RP Jonathon Jimenez,0,0,.NaN,0,0,0,0,0,0,0.0,0.00,0,0,0,0,0,0
1B Timothy Poggi,1086,338,.311,94,8,68,252,200,38
2B Cory Mcneil,1007,292,.290,64,4,32,150,201,63
3B Damon Strong,0,0,.NaN,0,0,0,0,0,0
3B William Shelburne,982,266,.271,64,12,36,181,198,42
SS Aaron Robinson,0,0,.NaN,0,0,0,0,0,0
SS Aaron Lofland,949,260,.274,68,8,42,180,177,31
LF Christopher Wood,0,0,.NaN,0,0,0,0,0,0
LF Thomas Wright,1082,270,.250,94,12,24,157,248,41
RF Richard Hungerford,1068,308,.288,70,12,42,177,170,28
CF William Smith,924,264,.286,90,4,40,208,196,19
C Harold Davis,0,0,.NaN,0,0,0,0,0,0
C Robert Novotny,0,0,.NaN,0,0,0,0,0,0
C Richard Murphy,988,296,.300,84,26,20,198,210,19
Newport News Hawks's Player Name,At Bats,Hits,Batting Average,Doubles,Triples,Home Runs,RBI's,Strikeouts,Walks,Innings Pitched,ERA,Earned Runs Allowed,Runs Allowed,Strikeouts,Walks,Wins,Losses
SP Eric Pellham,171,6,.035,2,0,0,6,59,1,276.1,4.79,147,162,413,43,16,13
RP John Smith,0,0,.NaN,0,0,0,0,0,0,0.0,0.00,0,0,0,0,0,0
SP Robert Arnold,161,0,.000,0,0,0,1,67,0,289.1,3.86,124,131,440,39,20,13
RP Patrick Gravely,0,0,.NaN,0,0,0,0,0,0,0.0,0.00,0,0,0,0,0,0
SP Gary Urbani,158,6,.038,4,0,0,5,64,0,276.0,4.50,138,148,413,42,13,19
RP Walter Fernandez,0,0,.NaN,0,0,0,0,0,0,0.0,0.00,0,0,0,0,0,0
SP Ronny Griggs,160,16,.100,10,2,0,16,66,0,281.1,3.68,115,121,414,29,18,10
RP Jose Shields,0,0,.NaN,0,0,0,0,0,0,0.0,0.00,0,0,0,0,0,0
SP Norman Rios,116,4,.034,2,0,0,6,42,0,192.0,4.41,94,109,281,38,9,10
RP Ivan Rodriguez,0,0,.NaN,0,0,0,0,0,0,0.0,0.00,0,0,0,0,0,0
SP Kenneth Kitt,45,0,.000,0,0,0,0,17,0,79.0,3.76,33,38,102,15,4,5
RP Michael Olsen,0,0,.NaN,0,0,0,0,0,0,0.0,0.00,0,0,0,0,0,0
1B Karl Murray,1002,278,.277,76,14,30,208,264,16
2B John Vazquez,0,0,.NaN,0,0,0,0,0,0
2B Russell Chavez,924,278,.301,98,18,30,249,192,18
3B Donald Deberry,0,0,.NaN,0,0,0,0,0,0
3B Kent Pedersen,970,236,.243,50,8,22,145,244,32
SS Ronald Jones,0,0,.NaN,0,0,0,0,0,0
SS Lawrence Mccracken,926,224,.242,60,14,20,143,230,21
LF Guy Garcia,0,0,.NaN,0,0,0,0,0,0
LF Brandon Stinnette,1091,364,.334,114,12,68,270,151,38
RF Michael Healy,1087,344,.316,62,4,96,228,187,51
CF Patrick Gorham,1139,314,.276,98,4,42,162,229,18
C Christopher Campbell,0,0,.NaN,0,0,0,0,0,0
C John Newman,958,250,.261,50,4,44,145,238,27
Fremont Chargers's Player Name,At Bats,Hits,Batting Average,Doubles,Triples,Home Runs,RBI's,Strikeouts,Walks,Innings Pitched,ERA,Earned Runs Allowed,Runs Allowed,Strikeouts,Walks,Wins,Losses
SP Joseph Wilkinson,165,18,.109,2,0,0,10,51,0,278.0,3.66,113,127,438,47,18,14
RP Thomas Baumgartner,0,0,.NaN,0,0,0,0,0,0,0.0,0.00,0,0,0,0,0,0
SP James Bolte,168,20,.119,12,2,0,14,52,1,282.2,3.28,103,105,442,38,18,16
RP Kenneth Franklin,0,0,.NaN,0,0,0,0,0,0,0.0,0.00,0,0,0,0,0,0
SP Jeremy Garza,163,16,.098,10,0,0,10,63,1,277.1,3.67,113,119,394,43,14,17
RP Lynn Enriquez,0,0,.NaN,0,0,0,0,0,0,0.0,0.00,0,0,0,0,0,0
SP Bill Williams,158,8,.051,2,0,0,6,62,0,277.0,3.87,119,127,391,29,18,14
RP Frank Timberlake,0,0,.NaN,0,0,0,0,0,0,0.0,0.00,0,0,0,0,0,0
SP Christopher Barnard,142,14,.099,2,2,0,6,44,0,239.0,3.54,94,97,298,46,16,11
RP Kevin Shaw,0,0,.NaN,0,0,0,0,0,0,0.0,0.00,0,0,0,0,0,0
SP William Meadows,29,2,.069,0,0,0,0,13,0,55.0,2.29,14,14,81,9,5,2
RP Steve Schmitt,0,0,.NaN,0,0,0,0,0,0,0.0,0.00,0,0,0,0,0,0
1B Jake Gumbel,1038,284,.274,78,14,30,182,210,17
2B Oscar Doyle,1089,324,.298,82,10,40,174,191,24
3B James Mulkey,0,0,.NaN,0,0,0,0,0,0
3B John Gettinger,961,230,.239,84,6,18,163,209,25
SS Robert Townson,0,0,.NaN,0,0,0,0,0,0
SS George Horn,948,188,.198,78,10,6,144,226,10
LF Stan Beliles,1073,320,.298,90,10,44,165,201,44
RF Daryl Cairo,1057,288,.272,84,2,20,158,193,19
CF David Irvin,0,0,.NaN,0,0,0,0,0,0
CF John Large,1003,130,.130,70,4,4,72,373,13
C William Hayes,0,0,.NaN,0,0,0,0,0,0
C Donnie Wilt,0,0,.NaN,0,0,0,0,0,0
C Robert Small,884,154,.174,50,8,0,77,258,4
Salem Chiefs's Player Name,At Bats,Hits,Batting Average,Doubles,Triples,Home Runs,RBI's,Strikeouts,Walks,Innings Pitched,ERA,Earned Runs Allowed,Runs Allowed,Strikeouts,Walks,Wins,Losses
SP Blake Harvath,155,8,.052,6,2,0,9,65,0,278.0,5.12,158,168,415,45,13,18
RP Gerald Ireland,0,0,.NaN,0,0,0,0,0,0,0.0,0.00,0,0,0,0,0,0
SP Michael Long,154,24,.156,10,0,0,17,64,1,286.1,3.71,118,124,416,33,17,14
RP Jorge Leon,0,0,.NaN,0,0,0,0,0,0,0.0,0.00,0,0,0,0,0,0
SP James Heffernan,158,18,.114,10,0,0,17,70,0,276.2,4.65,143,152,435,33,14,16
RP Bryce Frazier,0,0,.NaN,0,0,0,0,0,0,0.0,0.00,0,0,0,0,0,0
SP Craig Valdez,158,10,.063,4,0,0,10,62,0,275.1,3.17,97,103,391,39,17,11
RP Rodrigo Lindley,0,0,.NaN,0,0,0,0,0,0,0.0,0.00,0,0,0,0,0,0
SP Harold Piper,136,12,.088,6,0,0,12,40,0,209.0,3.66,85,92,322,21,15,10
RP Jeffrey Towery,0,0,.NaN,0,0,0,0,0,0,0.0,0.00,0,0,0,0,0,0
SP Harry Oconnell,50,8,.160,2,0,0,4,12,0,72.0,5.50,44,50,97,15,4,4
RP Shane Willey,0,0,.NaN,0,0,0,0,0,0,0.0,0.00,0,0,0,0,0,0
1B Victor Madis,1011,286,.283,84,8,46,218,177,30
2B Julian Zhang,0,0,.NaN,0,0,0,0,0,0
2B Julius Martin,895,194,.217,50,12,30,173,277,24
3B Ernest Passmore,0,0,.NaN,0,0,0,0,0,0
3B Sean Stapleton,1038,306,.295,76,8,50,183,174,56
SS Daniel Warren,0,0,.NaN,0,0,0,0,0,0
SS James Knox,933,220,.236,54,10,26,164,219,24
LF James Newby,1008,298,.296,54,8,46,189,188,44
RF Christopher Torres,1113,284,.255,74,2,36,156,169,35
CF Eric Oconnell,0,0,.NaN,0,0,0,0,0,0
CF Robert Marshall,1145,330,.288,96,4,46,189,177,37
C Warren Holzmiller,0,0,.NaN,0,0,0,0,0,0
C Clinton Cavallo,865,154,.178,70,10,0,112,257,18
Tulsa Crusaders's Player Name,At Bats,Hits,Batting Average,Doubles,Triples,Home Runs,RBI's,Strikeouts,Walks,Innings Pitched,ERA,Earned Runs Allowed,Runs Allowed,Strikeouts,Walks,Wins,Losses
SP James Henderson,161,14,.087,6,0,0,8,61,0,277.2,3.31,102,104,432,43,15,15
RP Jose Ma,0,0,.NaN,0,0,0,0,0,0,0.0,0.00,0,0,0,0,0,0
SP Jordan Coverdell,156,2,.013,0,0,0,1,62,0,268.1,2.82,84,87,393,32,16,12
RP Stephen Wachtel,0,0,.NaN,0,0,0,0,0,0,0.0,0.00,0,0,0,0,0,0
SP Leon Fisher,154,4,.026,2,0,0,2,66,1,281.2,3.61,113,115,392,32,14,17
RP Raymond Broxton,0,0,.NaN,0,0,0,0,0,0,0.0,0.00,0,0,0,0,0,0
SP Steven Smith,159,0,.000,0,0,0,2,71,0,279.0,3.65,113,115,401,46,17,13
RP Walter Mcgrath,0,0,.NaN,0,0,0,0,0,0,0.0,0.00,0,0,0,0,0,0
SP Willie Edwards,109,4,.037,0,0,0,0,51,0,204.0,4.28,97,101,299,33,10,12
RP Larry Johnson,0,0,.NaN,0,0,0,0,0,0,0.0,0.00,0,0,0,0,0,0
SP Jeffrey Buie,52,0,.000,0,0,0,0,22,0,93.2,4.04,42,46,127,15,3,7
RP Thomas Keys,0,0,.NaN,0,0,0,0,0,0,0.0,0.00,0,0,0,0,0,0
1B Antonio Collins,1102,284,.258,64,14,38,156,142,44
2B Richard Wallace,1151,370,.321,100,6,90,225,147,39
3B Antonia Plante,0,0,.NaN,0,0,0,0,0,0
3B Michael Jimenez,972,226,.233,70,14,20,164,230,40
SS James Baber,0,0,.NaN,0,0,0,0,0,0
SS Adam Christopher,944,266,.282,68,28,24,203,216,25
LF Jamar Valadez,991,296,.299,84,10,52,212,229,45
RF Patrick Morris,1141,262,.230,58,2,10,78,245,11
CF Thomas Luther,0,0,.NaN,0,0,0,0,0,0
CF Eric Gamino,852,160,.188,56,6,4,100,278,11
C Jason Wilkerson,0,0,.NaN,0,0,0,0,0,0
C Kelvin Beard,0,0,.NaN,0,0,0,0,0,0
C Jerry Lancaster,889,110,.124,44,6,0,87,289,7
Peoria Bearcats's Player Name,At Bats,Hits,Batting Average,Doubles,Triples,Home Runs,RBI's,Strikeouts,Walks,Innings Pitched,ERA,Earned Runs Allowed,Runs Allowed,Strikeouts,Walks,Wins,Losses
SP Herman Estrada,156,6,.038,2,0,0,9,74,1,277.2,3.79,117,131,405,28,15,15
RP Daniel Rivera,0,0,.NaN,0,0,0,0,0,0,0.0,0.00,0,0,0,0,0,0
SP Antoine Sorg,171,10,.058,6,0,0,6,61,1,283.0,4.26,134,147,403,46,9,19
RP Willie Lacey,0,0,.NaN,0,0,0,0,0,0,0.0,0.00,0,0,0,0,0,0
SP Gary Cote,162,2,.012,0,0,0,0,62,1,284.2,3.76,119,132,459,37,12,18
RP Michael Steele,0,0,.NaN,0,0,0,0,0,0,0.0,0.00,0,0,0,0,0,0
SP Jeffery Hemingway,163,10,.061,2,0,0,2,61,0,282.2,3.12,98,109,413,47,18,14
RP Jeffery Maldonado,0,0,.NaN,0,0,0,0,0,0,0.0,0.00,0,0,0,0,0,0
SP David Burke,121,8,.066,4,0,0,4,41,0,200.0,3.82,85,98,285,26,17,5
RP Jack Jenkins,0,0,.NaN,0,0,0,0,0,0,0.0,0.00,0,0,0,0,0,0
SP Matthew Hannah,46,4,.087,2,0,0,2,20,0,78.0,5.42,47,52,120,10,3,5
RP John Davis,0,0,.NaN,0,0,0,0,0,0,0.0,0.00,0,0,0,0,0,0
1B Michael Sokol,958,290,.303,80,8,58,227,204,29
2B Chris Bell,0,0,.NaN,0,0,0,0,0,0
2B James Brazelton,1036,280,.270,74,10,34,191,194,28
3B Carmen Masias,0,0,.NaN,0,0,0,0,0,0
3B Christopher Wier,1024,268,.262,94,12,32,206,212,33
SS Willie Chambers,1083,334,.308,72,4,52,138,191,48
LF Lawrence Mcbride,0,0,.NaN,0,0,0,0,0,0
LF Lloyd Hanson,1132,270,.239,100,6,28,160,238,18
RF Paul Deangelis,1056,352,.333,64,18,72,238,174,46
CF Michael Keith,938,216,.230,44,10,46,162,258,37
C Alvin Tobey,0,0,.NaN,0,0,0,0,0,0
C Neil Criswell,0,0,.NaN,0,0,0,0,0,0
C Aaron Lagunas,930,200,.215,56,10,10,119,236,11
Philadelphia Lancers's Player Name,At Bats,Hits,Batting Average,Doubles,Triples,Home Runs,RBI's,Strikeouts,Walks,Innings Pitched,ERA,Earned Runs Allowed,Runs Allowed,Strikeouts,Walks,Wins,Losses
SP Antonio Sisk,161,10,.062,6,0,0,4,63,0,283.0,2.77,87,90,407,21,16,13
RP Nick Cregger,0,0,.NaN,0,0,0,0,0,0,0.0,0.00,0,0,0,0,0,0
SP Anthony Ambriz,142,2,.014,0,0,0,1,72,0,271.2,3.31,100,105,368,33,15,15
RP Steve Champagne,0,0,.NaN,0,0,0,0,0,0,0.0,0.00,0,0,0,0,0,0
SP Wesley Yen,160,12,.075,2,0,0,5,70,4,290.2,3.22,104,107,438,27,15,15
RP Elvin Ramos,0,0,.NaN,0,0,0,0,0,0,0.0,0.00,0,0,0,0,0,0
SP Robert Axthelm,138,0,.000,0,0,0,0,84,0,281.1,3.10,97,105,416,44,21,10
RP Duane Glaze,0,0,.NaN,0,0,0,0,0,0,0.0,0.00,0,0,0,0,0,0
SP David White,116,4,.034,2,0,0,2,52,1,204.2,3.78,86,92,283,26,12,11
RP James Acevedo,0,0,.NaN,0,0,0,0,0,0,0.0,0.00,0,0,0,0,0,0
SP Russell Talamantes,45,8,.178,4,0,0,2,15,0,71.0,5.45,43,48,96,15,3,7
RP Joshua Mccoy,0,0,.NaN,0,0,0,0,0,0,0.0,0.00,0,0,0,0,0,0
1B Shelby Esteves,1065,338,.317,108,10,64,219,179,32
2B Samuel Moore,1110,298,.268,90,6,66,212,140,56
3B Leo Saporito,0,0,.NaN,0,0,0,0,0,0
3B James Castillo,885,126,.142,42,6,2,71,263,8
SS Richard Murphy,0,0,.NaN,0,0,0,0,0,0
SS Robert Reid,972,212,.218,66,2,6,126,216,52
LF Bruce Robbins,1027,226,.220,72,4,16,138,225,9
RF Robert Brost,1140,314,.275,114,2,30,166,226,18
CF Earl Messer,0,0,.NaN,0,0,0,0,0,0
CF Jesse Brown,880,144,.164,64,20,4,129,274,13
C Brian Spitler,0,0,.NaN,0,0,0,0,0,0
C Anthony Horton,0,0,.NaN,0,0,0,0,0,0
C Joseph Graham,923,240,.260,70,10,20,141,221,42
Austin Lancers's Player Name,At Bats,Hits,Batting Average,Doubles,Triples,Home Runs,RBI's,Strikeouts,Walks,Innings Pitched,ERA,Earned Runs Allowed,Runs Allowed,Strikeouts,Walks,Wins,Losses
SP Donald Wright,160,12,.075,4,0,0,4,60,0,279.2,4.51,140,151,391,45,18,15
RP Tom Durbin,0,0,.NaN,0,0,0,0,0,0,0.0,0.00,0,0,0,0,0,0
SP David Read,151,2,.013,2,0,0,4,75,0,291.1,3.15,102,112,441,49,16,15
RP Ahmad Lee,0,0,.NaN,0,0,0,0,0,0,0.0,0.00,0,0,0,0,0,0
SP Willie Hicks,162,0,.000,0,0,0,0,72,0,287.2,3.29,105,109,431,35,19,12
RP John Carbajal,0,0,.NaN,0,0,0,0,0,0,0.0,0.00,0,0,0,0,0,0
SP Jimmie Ambrose,155,12,.077,2,2,0,9,61,0,276.2,3.68,113,134,411,46,16,15
RP Andre Mills,0,0,.NaN,0,0,0,0,0,0,0.0,0.00,0,0,0,0,0,0
SP John Krause,122,2,.016,0,0,0,0,48,0,195.2,3.96,86,98,310,37,11,11
RP Robert Windom,0,0,.NaN,0,0,0,0,0,0,0.0,0.00,0,0,0,0,0,0
SP Mark Sontag,45,8,.178,4,0,0,4,13,0,79.0,5.70,50,51,107,11,3,7
RP Russell Ortega,0,0,.NaN,0,0,0,0,0,0,0.0,0.00,0,0,0,0,0,0
1B Jerry Kabir,1103,304,.276,58,10,54,177,157,49
2B James Bara,0,0,.NaN,0,0,0,0,0,0
2B Stuart Ringgold,912,242,.265,90,8,22,160,224,19
3B Joseph Serano,0,0,.NaN,0,0,0,0,0,0
3B James Applegate,1045,282,.270,102,18,24,170,189,51
SS Carlos Martinez,0,0,.NaN,0,0,0,0,0,0
SS Louis Costanzo,919,198,.215,62,10,16,134,207,13
LF Edward William,0,0,.NaN,0,0,0,0,0,0
LF Hector Hasheider,1030,176,.171,58,2,6,76,336,16
RF Louis Sloan,1007,300,.298,66,8,56,200,193,30
CF Scott Cummings,1078,350,.325,74,4,58,200,144,32
C Arron Hiatt,0,0,.NaN,0,0,0,0,0,0
C James Gan,955,246,.258,66,14,34,176,221,17
New Orleans Wolves's Player Name,At Bats,Hits,Batting Average,Doubles,Triples,Home Runs,RBI's,Strikeouts,Walks,Innings Pitched,ERA,Earned Runs Allowed,Runs Allowed,Strikeouts,Walks,Wins,Losses
SP Juan Jackson,154,26,.169,8,0,0,8,52,1,271.1,3.62,109,113,413,39,18,12
RP Joseph Cline,0,0,.NaN,0,0,0,0,0,0,0.0,0.00,0,0,0,0,0,0
SP Richard Foster,155,12,.077,8,2,0,15,67,0,295.1,3.20,105,116,445,34,18,13
RP Josh Osborne,0,0,.NaN,0,0,0,0,0,0,0.0,0.00,0,0,0,0,0,0
SP Mike Stello,159,14,.088,4,0,0,5,71,0,289.0,3.86,124,130,406,40,14,18
RP Joel Walker,0,0,.NaN,0,0,0,0,0,0,0.0,0.00,0,0,0,0,0,0
SP William Knaust,162,20,.123,4,0,0,4,58,0,278.0,4.60,142,152,415,34,10,21
RP Tracy Devault,0,0,.NaN,0,0,0,0,0,0,0.0,0.00,0,0,0,0,0,0
SP Eldon Branche,90,0,.000,0,0,0,0,34,0,154.2,4.42,76,78,249,26,9,9
RP Lee Egan,0,0,.NaN,0,0,0,0,0,0,0.0,0.00,0,0,0,0,0,0
SP Ray Cole,69,4,.058,2,0,0,2,25,0,119.0,3.63,48,51,180,14,9,5
RP Ira Evans,0,0,.NaN,0,0,0,0,0,0,0.0,0.00,0,0,0,0,0,0
1B Harrison Haire,1001,262,.262,78,8,30,166,213,15
2B Larry Trejo,0,0,.NaN,0,0,0,0,0,0
2B Mark Harvey,1068,296,.277,94,26,30,218,182,29
3B John Norwick,0,0,.NaN,0,0,0,0,0,0
3B Phillip Harris,828,162,.196,48,6,6,79,250,19
SS Mark Lacy,0,0,.NaN,0,0,0,0,0,0
SS Paul Lazo,1042,274,.263,64,14,14,142,184,22
LF Matthew Payne,0,0,.NaN,0,0,0,0,0,0
LF Carlos Benitez,976,224,.230,84,8,12,138,206,8
RF Robert Giles,1101,246,.223,70,4,30,121,219,28
CF Randall Ashburn,1056,328,.311,94,12,48,201,190,43
C Manuel Lopez,0,0,.NaN,0,0,0,0,0,0
C Collin Gordon,871,204,.234,66,14,14,135,235,26
Milwaukee Thunder's Player Name,At Bats,Hits,Batting Average,Doubles,Triples,Home Runs,RBI's,Strikeouts,Walks,Innings Pitched,ERA,Earned Runs Allowed,Runs Allowed,Strikeouts,Walks,Wins,Losses
SP Joe Ward,177,8,.045,0,0,0,1,51,1,283.2,3.20,101,109,443,49,18,13
RP Corey Rodriguez,0,0,.NaN,0,0,0,0,0,0,0.0,0.00,0,0,0,0,0,0
SP Darrell Hill,153,4,.026,4,0,0,4,65,0,271.2,3.68,111,114,394,38,11,17
RP Joseph Kaplan,0,0,.NaN,0,0,0,0,0,0,0.0,0.00,0,0,0,0,0,0
SP David Walker,165,22,.133,6,0,0,10,55,0,291.0,4.27,138,142,370,58,16,18
RP Mack Davis,0,0,.NaN,0,0,0,0,0,0,0.0,0.00,0,0,0,0,0,0
SP Wendell Pegg,157,6,.038,6,0,0,11,63,0,277.0,3.64,112,117,405,49,13,19
RP Christopher Reis,0,0,.NaN,0,0,0,0,0,0,0.0,0.00,0,0,0,0,0,0
SP Joe Carpenter,137,0,.000,0,0,0,0,47,0,222.1,3.68,91,97,327,45,9,13
RP Brian Barris,0,0,.NaN,0,0,0,0,0,0,0.0,0.00,0,0,0,0,0,0
SP James Khalsa,33,2,.061,0,0,0,0,19,0,62.0,2.90,20,20,88,7,4,2
RP Stephen Ruiz,0,0,.NaN,0,0,0,0,0,0,0.0,0.00,0,0,0,0,0,0
1B Richard Newcomb,1081,260,.241,84,12,34,162,241,36
2B Jason Byrd,1045,298,.285,76,6,58,189,197,39
3B Calvin Monterrosa,0,0,.NaN,0,0,0,0,0,0
3B Chester Fiedler,954,224,.235,46,6,18,137,238,21
SS Jason Prado,0,0,.NaN,0,0,0,0,0,0
SS William Amin,991,258,.260,72,12,12,144,169,16
LF James Dettmer,0,0,.NaN,0,0,0,0,0,0
LF Clyde Franklin,1008,254,.252,68,8,18,144,222,28
RF David Mccall,1097,340,.310,84,10,66,195,171,46
CF Alonzo Padilla,877,200,.228,66,10,20,122,233,21
C Richard Grant,0,0,.NaN,0,0,0,0,0,0
C Columbus Giordano,983,248,.252,66,14,22,170,207,38
C Keith Jolley,0,0,.NaN,0,0,0,0,0,0
California Crusaders's Player Name,At Bats,Hits,Batting Average,Doubles,Triples,Home Runs,RBI's,Strikeouts,Walks,Innings Pitched,ERA,Earned Runs Allowed,Runs Allowed,Strikeouts,Walks,Wins,Losses
SP Jerry Edwards,148,12,.081,4,0,0,6,76,1,288.1,3.50,112,125,412,44,19,13
RP Mark Demers,0,0,.NaN,0,0,0,0,0,0,0.0,0.00,0,0,0,0,0,0
SP Tony Emmart,154,0,.000,0,0,0,0,70,0,274.1,4.07,124,134,408,30,18,14
RP Israel Soto,0,0,.NaN,0,0,0,0,0,0,0.0,0.00,0,0,0,0,0,0
SP James Gentile,155,12,.077,4,0,0,5,63,0,272.1,2.91,88,103,374,43,8,16
RP Robert Tate,0,0,.NaN,0,0,0,0,0,0,0.0,0.00,0,0,0,0,0,0
SP Robert Andersen,158,12,.076,0,0,0,1,50,0,273.0,4.48,136,143,379,56,11,22
RP Ronald Harden,0,0,.NaN,0,0,0,0,0,0,0.0,0.00,0,0,0,0,0,0
SP Raul Gray,86,12,.140,6,0,0,7,36,0,159.0,3.34,59,62,218,17,10,6
RP Donald Hill,0,0,.NaN,0,0,0,0,0,0,0.0,0.00,0,0,0,0,0,0
SP Mark Deem,77,4,.052,4,0,0,3,33,0,132.0,3.68,54,57,195,15,6,8
RP Rafael Vo,0,0,.NaN,0,0,0,0,0,0,0.0,0.00,0,0,0,0,0,0
1B John Simmons,1009,242,.240,78,16,28,187,233,30
2B Tommy Hall,1077,288,.267,58,12,48,189,161,35
3B Matthew Fisher,0,0,.NaN,0,0,0,0,0,0
3B Nathan Watanabe,997,288,.289,64,8,28,142,207,32
SS Barry Witt,0,0,.NaN,0,0,0,0,0,0
SS Mario Williams,0,0,.NaN,0,0,0,0,0,0
SS Andrew Neal,862,174,.202,58,10,8,96,250,11
LF Vernon Borg,1103,276,.250,100,4,30,142,243,17
RF Wendell Boykin,1115,340,.305,90,4,44,166,155,45
CF Darryl Zielinski,0,0,.NaN,0,0,0,0,0,0
CF Robert Vilme,974,246,.253,82,0,26,168,194,23
C Paul Lundgren,0,0,.NaN,0,0,0,0,0,0
C Dustin Schreiner,923,216,.234,76,6,14,146,213,20
Seattle Warriors's Player Name,At Bats,Hits,Batting Average,Doubles,Triples,Home Runs,RBI's,Strikeouts,Walks,Innings Pitched,ERA,Earned Runs Allowed,Runs Allowed,Strikeouts,Walks,Wins,Losses
SP Richard Valencia,161,14,.087,2,0,0,2,57,0,280.2,4.23,132,144,434,59,22,13
RP Stephen Hardin,0,0,.NaN,0,0,0,0,0,0,0.0,0.00,0,0,0,0,0,0
SP Brian Bure,159,0,.000,0,0,0,2,63,0,275.1,3.20,98,103,399,49,16,13
RP Stanley Fuller,0,0,.NaN,0,0,0,0,0,0,0.0,0.00,0,0,0,0,0,0
SP James Garcia,174,10,.057,4,0,0,2,56,0,281.2,4.63,145,149,436,46,14,17
RP James Cerda,0,0,.NaN,0,0,0,0,0,0,0.0,0.00,0,0,0,0,0,0
SP John Mcneil,162,2,.012,0,0,0,0,60,0,271.0,4.22,127,142,382,58,14,18
RP Colin Wilkerson,0,0,.NaN,0,0,0,0,0,0,0.0,0.00,0,0,0,0,0,0
SP Steven Morris,110,4,.036,2,0,0,5,38,1,191.0,5.75,122,132,251,39,9,12
RP Homer Warfel,0,0,.NaN,0,0,0,0,0,0,0.0,0.00,0,0,0,0,0,0
SP Frank Cole,54,2,.037,0,0,0,1,24,0,99.2,2.98,33,38,123,14,8,4
RP Reed Barnett,0,0,.NaN,0,0,0,0,0,0,0.0,0.00,0,0,0,0,0,0
1B Luis Arron,1100,306,.278,98,8,42,173,206,27
2B Pedro Lane,1093,326,.298,80,14,76,239,161,23
3B Michael Montalvo,0,0,.NaN,0,0,0,0,0,0
3B Levi Aceves,981,278,.283,90,12,28,194,189,23
SS Carlos Stewart,0,0,.NaN,0,0,0,0,0,0
SS Jose Grooms,916,214,.234,68,10,26,169,224,19
LF Alberto Terrill,1101,320,.291,60,6,46,143,171,36
RF Richie Koehn,1095,244,.223,74,0,30,118,231,37
CF Billy Smith,0,0,.NaN,0,0,0,0,0,0
CF George Mccann,1025,236,.230,76,20,10,174,217,13
C Joseph Wright,0,0,.NaN,0,0,0,0,0,0
C Lance Hamor,0,0,.NaN,0,0,0,0,0,0
C Robert Brazier,880,160,.182,68,2,0,104,262,5
Independence Titans's Player Name,At Bats,Hits,Batting Average,Doubles,Triples,Home Runs,RBI's,Strikeouts,Walks,Innings Pitched,ERA,Earned Runs Allowed,Runs Allowed,Strikeouts,Walks,Wins,Losses
SP David Granato,164,8,.049,2,0,0,2,62,1,285.0,4.58,145,159,430,33,11,19
RP Robert Garcia,0,0,.NaN,0,0,0,0,0,0,0.0,0.00,0,0,0,0,0,0
SP Alan Johnston,165,6,.036,0,0,0,0,57,0,273.2,5.16,157,167,389,42,13,21
RP Robert Volke,0,0,.NaN,0,0,0,0,0,0,0.0,0.00,0,0,0,0,0,0
SP Troy Streeter,164,8,.049,0,2,0,7,60,1,294.0,3.34,109,129,412,48,17,15
RP Willis Johnson,0,0,.NaN,0,0,0,0,0,0,0.0,0.00,0,0,0,0,0,0
SP Matthew Miller,153,26,.170,16,2,0,26,61,0,282.0,2.49,78,88,445,42,18,10
RP Shane Heimburger,0,0,.NaN,0,0,0,0,0,0,0.0,0.00,0,0,0,0,0,0
SP Mason Coe,122,10,.082,4,2,0,8,64,0,232.1,3.25,84,92,326,36,12,13
RP Genaro Cady,0,0,.NaN,0,0,0,0,0,0,0.0,0.00,0,0,0,0,0,0
SP Raymond Coble,38,4,.105,2,0,0,0,12,0,62.0,3.19,22,25,97,7,3,3
RP Harold Kushmaul,0,0,.NaN,0,0,0,0,0,0,0.0,0.00,0,0,0,0,0,0
1B Roger Deblois,969,238,.246,66,12,28,159,251,9
2B Mark Delaney,1064,258,.242,86,10,14,162,202,20
3B David Candelaria,0,0,.NaN,0,0,0,0,0,0
3B Carson Knudsen,1076,352,.327,76,6,70,198,166,47
SS Irvin Lupercio,0,0,.NaN,0,0,0,0,0,0
SS Ralph Cartwright,917,208,.227,58,8,8,103,243,13
LF Benjamin Davis,0,0,.NaN,0,0,0,0,0,0
LF Nathan Baker,1020,266,.261,84,10,52,216,186,31
RF Joseph Koteles,1128,342,.303,76,12,60,200,176,31
CF Larry Weissberg,1128,258,.229,72,6,46,149,228,21
C Terrance Payne,0,0,.NaN,0,0,0,0,0,0
C Samuel Kasarjian,0,0,.NaN,0,0,0,0,0,0
C Scott Jones,865,164,.190,44,4,10,80,279,5
Irving Trojans's Player Name,At Bats,Hits,Batting Average,Doubles,Triples,Home Runs,RBI's,Strikeouts,Walks,Innings Pitched,ERA,Earned Runs Allowed,Runs Allowed,Strikeouts,Walks,Wins,Losses
SP Billy Jeanphilippe,159,2,.013,0,0,0,0,63,0,275.0,4.22,129,136,426,38,14,16
RP Armand Waters,0,0,.NaN,0,0,0,0,0,0,0.0,0.00,0,0,0,0,0,0
SP Terry Russell,148,4,.027,2,0,0,6,64,0,275.2,5.35,164,178,400,29,19,16
RP Stephen Vanwinkle,0,0,.NaN,0,0,0,0,0,0,0.0,0.00,0,0,0,0,0,0
SP Gregory Holcomb,155,10,.065,6,0,0,4,63,0,277.0,3.77,116,126,420,35,18,14
RP Billy Keller,0,0,.NaN,0,0,0,0,0,0,0.0,0.00,0,0,0,0,0,0
SP Gil Skipper,144,6,.042,4,0,0,6,74,0,278.2,4.00,124,138,410,46,18,12
RP Gordon Diaz,0,0,.NaN,0,0,0,0,0,0,0.0,0.00,0,0,0,0,0,0
SP Michael Faris,146,50,.342,12,2,6,28,26,3,216.1,4.53,109,125,313,43,14,15
RP Conrad Overby,0,0,.NaN,0,0,0,0,0,0,0.0,0.00,0,0,0,0,0,0
SP Shawn Hipps,32,0,.000,0,0,0,0,18,0,60.0,5.10,34,43,76,18,2,5
RP Nickolas Moralis,0,0,.NaN,0,0,0,0,0,0,0.0,0.00,0,0,0,0,0,0
1B Zachary Betz,1002,278,.277,62,4,22,135,206,39
2B Darrel Baldwin,922,212,.230,68,8,8,142,228,13
3B Joel Maloney,0,0,.NaN,0,0,0,0,0,0
3B Anthony Gray,982,256,.261,92,10,20,193,188,21
SS Theodore Thomas,0,0,.NaN,0,0,0,0,0,0
SS Wendell Smith,833,162,.194,60,4,4,94,285,4
LF Quentin Tabler,1097,340,.310,86,4,60,180,193,30
RF Jeremy Buttrick,1010,316,.313,104,10,60,202,210,48
CF Manuel Bennett,0,0,.NaN,0,0,0,0,0,0
CF Tory Kesler,1061,220,.207,80,2,14,113,297,14
C Allen Fisher,0,0,.NaN,0,0,0,0,0,0
C Larry Saavedra,0,0,.NaN,0,0,0,0,0,0
C Roy Cobos,963,270,.280,80,18,40,204,199,33
Pasadena Wolverines's Player Name,At Bats,Hits,Batting Average,Doubles,Triples,Home Runs,RBI's,Strikeouts,Walks,Innings Pitched,ERA,Earned Runs Allowed,Runs Allowed,Strikeouts,Walks,Wins,Losses
SP Juan Athen,154,10,.065,6,0,0,10,64,0,277.2,4.12,127,139,386,53,14,19
RP Roy Harter,0,0,.NaN,0,0,0,0,0,0,0.0,0.00,0,0,0,0,0,0
SP Allan Rodriguez,157,6,.038,2,0,0,3,61,0,290.0,3.32,107,115,396,37,14,16
RP Joseph Doughtery,0,0,.NaN,0,0,0,0,0,0,0.0,0.00,0,0,0,0,0,0
SP Paul Grays,140,8,.057,2,2,0,4,70,0,278.1,3.72,115,126,432,58,18,16
RP Ernest Keadle,0,0,.NaN,0,0,0,0,0,0,0.0,0.00,0,0,0,0,0,0
SP Charles Meadows,149,10,.067,4,2,0,7,59,1,271.0,4.88,147,157,375,41,12,17
RP Ricardo Rivera,0,0,.NaN,0,0,0,0,0,0,0.0,0.00,0,0,0,0,0,0
SP James Assaf,129,18,.140,4,2,0,12,39,0,218.2,4.36,106,106,321,34,14,11
RP Michael Hunter,0,0,.NaN,0,0,0,0,0,0,0.0,0.00,0,0,0,0,0,0
SP Keith Berry,37,0,.000,0,0,0,0,17,0,68.1,4.21,32,33,99,15,4,4
RP John Waycaster,0,0,.NaN,0,0,0,0,0,0,0.0,0.00,0,0,0,0,0,0
1B Jules Andrews,1003,274,.273,104,10,18,175,215,20
2B Phillip Vittorio,1085,310,.286,92,12,32,144,247,13
3B John Cao,0,0,.NaN,0,0,0,0,0,0
3B Christopher Newman,1037,246,.237,80,12,20,135,217,19
SS Marvin Davis,0,0,.NaN,0,0,0,0,0,0
SS Julio Lam,0,0,.NaN,0,0,0,0,0,0
SS Edward Doerner,889,164,.184,56,12,2,100,233,4
LF Pierre Henderson,0,0,.NaN,0,0,0,0,0,0
LF Trevor Gannaway,880,180,.205,82,4,0,99,216,1
RF Robert Bruce,1075,324,.301,86,6,76,202,213,18
CF Robert Mesaros,919,176,.192,60,6,12,129,279,2
C Michael Nichols,0,0,.NaN,0,0,0,0,0,0
C Daniel Harding,957,232,.242,70,14,12,161,211,25
North Las Vegas Yellow Jackets's Player Name,At Bats,Hits,Batting Average,Doubles,Triples,Home Runs,RBI's,Strikeouts,Walks,Innings Pitched,ERA,Earned Runs Allowed,Runs Allowed,Strikeouts,Walks,Wins,Losses
SP Romeo Richardson,157,16,.102,10,0,0,10,67,0,278.0,3.24,100,107,430,44,14,15
RP Donald Hennessy,0,0,.NaN,0,0,0,0,0,0,0.0,0.00,0,0,0,0,0,0
SP Daniel Pait,174,28,.161,8,0,2,18,36,4,282.0,3.93,123,137,414,41,17,17
RP Andrew Caufield,0,0,.NaN,0,0,0,0,0,0,0.0,0.00,0,0,0,0,0,0
SP Dustin Rader,164,0,.000,0,0,0,1,84,0,292.0,4.75,154,162,396,55,14,16
RP Tyrone Nguyen,0,0,.NaN,0,0,0,0,0,0,0.0,0.00,0,0,0,0,0,0
SP Brandon Powell,155,0,.000,0,0,0,0,73,0,279.1,5.06,157,166,369,40,11,20
RP David Wilson,0,0,.NaN,0,0,0,0,0,0,0.0,0.00,0,0,0,0,0,0
SP Donald Morrow,146,4,.027,0,0,0,0,62,0,236.2,3.69,97,102,364,33,15,8
RP Harold Eubanks,0,0,.NaN,0,0,0,0,0,0,0.0,0.00,0,0,0,0,0,0
SP Dustin Toney,31,4,.129,2,0,0,0,9,0,52.0,4.67,27,29,82,11,4,2
RP David Rebori,0,0,.NaN,0,0,0,0,0,0,0.0,0.00,0,0,0,0,0,0
1B Glen Ainsworth,979,218,.223,68,8,16,137,199,36
2B David Villegas,1094,320,.293,68,8,56,182,168,30
3B Jorge Gardner,0,0,.NaN,0,0,0,0,0,0
3B Douglas Engelhardt,928,180,.194,62,6,6,97,254,8
SS George Foster,0,0,.NaN,0,0,0,0,0,0
SS Kurt Koval,999,258,.258,78,8,16,175,235,30
LF Patrick Anderson,1133,336,.297,102,10,60,211,185,31
RF Jorge Thompson,1052,304,.289,80,6,40,177,166,61
CF Jon Hogue,0,0,.NaN,0,0,0,0,0,0
CF Richard Brewer,1092,248,.227,66,6,26,127,304,17
C Jason Gonzalez,0,0,.NaN,0,0,0,0,0,0
C Stephen Knapstein,0,0,.NaN,0,0,0,0,0,0
C Morris Lewis,907,132,.146,48,8,4,107,291,8
Buffalo Huskies's Player Name,At Bats,Hits,Batting Average,Doubles,Triples,Home Runs,RBI's,Strikeouts,Walks,Innings Pitched,ERA,Earned Runs Allowed,Runs Allowed,Strikeouts,Walks,Wins,Losses
SP Tommy Kingham,169,22,.130,8,4,0,23,59,0,274.1,4.13,126,132,405,42,12,17
RP Patrick Mcilroy,0,0,.NaN,0,0,0,0,0,0,0.0,0.00,0,0,0,0,0,0
SP Andrew Townsend,160,14,.088,4,2,0,14,54,0,273.0,3.23,98,101,405,39,20,15
RP Bryan Heininger,0,0,.NaN,0,0,0,0,0,0,0.0,0.00,0,0,0,0,0,0
SP Patrick Hardwick,148,4,.027,2,0,0,4,74,0,289.2,3.17,102,106,428,37,18,15
RP Daniel Folk,0,0,.NaN,0,0,0,0,0,0,0.0,0.00,0,0,0,0,0,0
SP Emanuel Vines,158,6,.038,0,0,0,0,68,0,278.1,3.62,112,121,392,56,18,14
RP Michael Arnold,0,0,.NaN,0,0,0,0,0,0,0.0,0.00,0,0,0,0,0,0
SP Dennis Henning,108,2,.019,0,0,0,2,36,0,173.2,3.47,67,74,252,24,7,12
RP Curt Nichols,0,0,.NaN,0,0,0,0,0,0,0.0,0.00,0,0,0,0,0,0
SP Christopher Greene,53,2,.038,0,0,0,0,25,3,109.2,3.69,45,47,165,19,4,7
RP Brandon Keiser,0,0,.NaN,0,0,0,0,0,0,0.0,0.00,0,0,0,0,0,0
1B Walter Lackey,908,216,.238,64,2,6,117,216,34
2B Bruce Pulcifer,1051,284,.270,88,0,26,122,203,51
3B Michael Ross,0,0,.NaN,0,0,0,0,0,0
3B Robert Myers,1033,268,.259,64,2,14,112,203,33
SS Robert Szaflarski,0,0,.NaN,0,0,0,0,0,0
SS Miguel Palmer,977,254,.260,64,6,24,166,219,34
LF David Schopp,0,0,.NaN,0,0,0,0,0,0
LF Keith Burkel,876,218,.249,52,8,16,110,202,26
RF Randall Stiles,985,276,.280,96,14,26,208,209,15
CF Quincy Coleman,0,0,.NaN,0,0,0,0,0,0
CF James Kopec,1027,170,.166,74,4,2,98,349,8
C William Klimaszewski,0,0,.NaN,0,0,0,0,0,0
C Raymond Kelley,1046,236,.226,88,4,30,150,212,38
Georgia Sharks's Player Name,At Bats,Hits,Batting Average,Doubles,Triples,Home Runs,RBI's,Strikeouts,Walks,Innings Pitched,ERA,Earned Runs Allowed,Runs Allowed,Strikeouts,Walks,Wins,Losses
SP Gregory Rzeszutek,172,46,.267,14,2,8,24,34,6,269.2,4.17,125,132,404,40,13,18
RP Terry Soto,0,0,.NaN,0,0,0,0,0,0,0.0,0.00,0,0,0,0,0,0
SP Jerry Emmanuelli,147,0,.000,0,0,0,0,73,0,274.1,4.30,131,140,381,47,11,19
RP Robert Voss,0,0,.NaN,0,0,0,0,0,0,0.0,0.00,0,0,0,0,0,0
SP Gary Hocking,143,2,.014,0,0,0,1,75,0,281.1,3.58,112,114,408,45,13,18
RP Herman Carlson,0,0,.NaN,0,0,0,0,0,0,0.0,0.00,0,0,0,0,0,0
SP Alex Dingler,154,6,.039,2,0,0,2,60,0,271.0,3.59,108,111,405,35,15,16
RP Charles Hancock,0,0,.NaN,0,0,0,0,0,0,0.0,0.00,0,0,0,0,0,0
SP Michael Garbutt,106,4,.038,2,0,0,5,32,0,180.0,2.85,57,60,258,26,16,5
RP James Bender,0,0,.NaN,0,0,0,0,0,0,0.0,0.00,0,0,0,0,0,0
SP Arthur Rios,59,0,.000,0,0,0,0,29,0,113.0,4.38,55,59,166,16,5,7
RP Cody Baker,0,0,.NaN,0,0,0,0,0,0,0.0,0.00,0,0,0,0,0,0
1B Jim Campbell,954,276,.289,74,10,16,145,214,38
2B Will Mcdaniel,895,218,.244,72,10,24,166,217,20
3B Noe Nistal,0,0,.NaN,0,0,0,0,0,0
3B Gary Schofield,1012,240,.237,78,10,12,137,230,27
SS Marc Burk,0,0,.NaN,0,0,0,0,0,0
SS Tyrone Williamson,1047,204,.195,86,6,32,144,231,25
LF John Iacono,976,234,.240,56,10,28,142,212,9
RF Arthur Thompson,1014,274,.270,78,2,30,148,226,17
CF Thomas Tucker,0,0,.NaN,0,0,0,0,0,0
CF Donald Jackson,1021,190,.186,80,2,6,89,315,18
C Christopher Johnson,0,0,.NaN,0,0,0,0,0,0
C Alan Smith,0,0,.NaN,0,0,0,0,0,0
C Andrew Burris,858,128,.149,64,4,6,110,262,7
Anaheim Vikings's Player Name,At Bats,Hits,Batting Average,Doubles,Triples,Home Runs,RBI's,Strikeouts,Walks,Innings Pitched,ERA,Earned Runs Allowed,Runs Allowed,Strikeouts,Walks,Wins,Losses
SP Matthew Sugar,158,12,.076,10,0,0,10,60,0,285.0,3.00,95,97,419,42,17,14
RP Adrian Ellis,0,0,.NaN,0,0,0,0,0,0,0.0,0.00,0,0,0,0,0,0
SP Larry Lizer,144,0,.000,0,0,0,0,68,0,277.0,3.48,107,112,404,37,14,18
RP John Oneill,0,0,.NaN,0,0,0,0,0,0,0.0,0.00,0,0,0,0,0,0
SP Melvin Patterson,158,6,.038,2,0,0,2,52,1,269.2,3.77,113,115,381,48,12,20
RP Milton Wagenbach,0,0,.NaN,0,0,0,0,0,0,0.0,0.00,0,0,0,0,0,0
SP Patrick Rulo,169,16,.095,10,0,0,10,63,0,287.1,3.98,127,136,433,46,14,20
RP Michael Roach,0,0,.NaN,0,0,0,0,0,0,0.0,0.00,0,0,0,0,0,0
SP Thomas Harris,122,2,.016,0,0,0,0,68,0,238.1,5.21,138,141,343,32,13,15
RP Charles Ciesielski,0,0,.NaN,0,0,0,0,0,0,0.0,0.00,0,0,0,0,0,0
SP Lee Sandoval,22,4,.182,2,0,0,2,10,1,41.0,4.39,20,21,58,7,3,3
RP Robert Conger,0,0,.NaN,0,0,0,0,0,0,0.0,0.00,0,0,0,0,0,0
1B Gerald Lester,974,232,.238,74,6,18,137,232,21
2B Steven Beverly,0,0,.NaN,0,0,0,0,0,0
2B Daniel Gordon,944,208,.220,48,6,18,115,232,21
3B Victor Greene,0,0,.NaN,0,0,0,0,0,0
3B Theodore Gabor,890,220,.247,50,6,26,120,198,19
SS Henry Ross,0,0,.NaN,0,0,0,0,0,0
SS Robert Ewing,991,254,.256,56,8,22,124,229,43
LF Michael Smentek,1064,284,.267,68,4,44,142,216,42
RF Kevin Culpepper,888,218,.245,62,6,36,172,224,33
CF Bobby Tierney,0,0,.NaN,0,0,0,0,0,0
CF Leonard Steigerwald,1033,270,.261,68,12,26,144,211,14
C Lynn Button,0,0,.NaN,0,0,0,0,0,0
C Ken Mellinger,1090,298,.273,96,16,30,182,208,20
Tacoma Tigers's Player Name,At Bats,Hits,Batting Average,Doubles,Triples,Home Runs,RBI's,Strikeouts,Walks,Innings Pitched,ERA,Earned Runs Allowed,Runs Allowed,Strikeouts,Walks,Wins,Losses
SP Michel Allen,152,12,.079,4,2,0,8,60,0,273.2,4.28,130,136,385,39,15,17
RP Mark Tait,0,0,.NaN,0,0,0,0,0,0,0.0,0.00,0,0,0,0,0,0
SP Charles Coulter,161,10,.062,6,0,0,9,63,0,270.0,4.83,145,158,381,51,13,18
RP Charles Johnston,0,0,.NaN,0,0,0,0,0,0,0.0,0.00,0,0,0,0,0,0
SP Michael Sams,157,10,.064,4,0,0,6,59,1,274.0,4.17,127,133,397,43,18,17
RP Robert Kirkman,0,0,.NaN,0,0,0,0,0,0,0.0,0.00,0,0,0,0,0,0
SP Nathan Pringle,178,12,.067,2,2,0,15,66,0,303.2,3.59,121,128,450,45,18,13
RP Colin Reynolds,0,0,.NaN,0,0,0,0,0,0,0.0,0.00,0,0,0,0,0,0
SP Kenneth Muller,144,10,.069,2,0,0,2,44,0,238.1,4.04,107,117,344,42,15,11
RP Robert Wasson,0,0,.NaN,0,0,0,0,0,0,0.0,0.00,0,0,0,0,0,0
SP Jimmy Vinci,24,0,.000,0,0,0,0,10,0,45.0,4.60,23,23,63,11,3,3
RP Jack Sandoval,0,0,.NaN,0,0,0,0,0,0,0.0,0.00,0,0,0,0,0,0
1B Robert Fell,1043,250,.240,68,20,28,168,197,15
2B Gerald Malave,1043,306,.293,84,8,52,212,191,33
3B Larry Gonzales,0,0,.NaN,0,0,0,0,0,0
3B Arthur Briscoe,997,238,.239,62,6,14,126,203,16
SS Grover Johnson,0,0,.NaN,0,0,0,0,0,0
SS Peter Leonelli,908,170,.187,58,12,6,138,232,8
LF Robert Lanier,0,0,.NaN,0,0,0,0,0,0
LF Thomas Winkler,915,168,.184,44,6,8,73,261,3
RF Norman Winchester,1048,304,.290,56,4,46,137,200,49
CF Joseph Martinez,1101,272,.247,96,6,22,152,237,27
C Lance Salazar,0,0,.NaN,0,0,0,0,0,0
C Peter Bessette,0,0,.NaN,0,0,0,0,0,0
C David Folk,883,232,.263,64,4,28,140,227,52
Pittsburgh Greyhounds's Player Name,At Bats,Hits,Batting Average,Doubles,Triples,Home Runs,RBI's,Strikeouts,Walks,Innings Pitched,ERA,Earned Runs Allowed,Runs Allowed,Strikeouts,Walks,Wins,Losses
SP Joshua Woods,143,6,.042,2,0,0,2,73,0,277.2,4.25,131,146,402,53,13,18
RP Manuel Goldshteyn,0,0,.NaN,0,0,0,0,0,0,0.0,0.00,0,0,0,0,0,0
SP Kirk Levine,162,18,.111,14,0,0,14,52,1,274.2,4.10,125,141,401,51,14,17
RP Jason Hogan,0,0,.NaN,0,0,0,0,0,0,0.0,0.00,0,0,0,0,0,0
SP Kelly Diaz,160,4,.025,0,0,0,0,68,0,286.1,3.80,121,133,385,49,21,10
RP Jason Malick,0,0,.NaN,0,0,0,0,0,0,0.0,0.00,0,0,0,0,0,0
SP John Waddell,157,18,.115,10,0,0,14,65,0,272.2,3.86,117,128,425,47,17,14
RP William Faggart,0,0,.NaN,0,0,0,0,0,0,0.0,0.00,0,0,0,0,0,0
SP Saul Gallacher,99,4,.040,4,0,0,4,31,1,163.1,5.18,94,103,236,33,5,13
RP Colton Svec,0,0,.NaN,0,0,0,0,0,0,0.0,0.00,0,0,0,0,0,0
SP Nathan Shirer,79,4,.051,2,0,0,2,19,0,121.1,4.01,54,59,186,16,4,9
RP Steven Riblett,0,0,.NaN,0,0,0,0,0,0,0.0,0.00,0,0,0,0,0,0
1B Tommy Palacios,971,236,.243,66,8,10,134,217,13
2B Benito Tayman,0,0,.NaN,0,0,0,0,0,0
2B Nicholas Price,966,232,.240,58,12,34,186,236,27
3B Ramon Cooper,0,0,.NaN,0,0,0,0,0,0
3B William Buettner,824,136,.165,38,12,0,86,312,6
SS Samuel Hudson,987,296,.300,86,22,58,266,205,41
LF Brian Delatorre,0,0,.NaN,0,0,0,0,0,0
LF Vance Valdez,909,218,.240,82,10,16,144,211,27
RF Dave Crowe,1103,334,.303,90,4,50,188,173,26
CF Nathaniel Harrell,1098,288,.262,66,2,16,99,218,41
C Charles Slack,0,0,.NaN,0,0,0,0,0,0
C John Mccarter,1127,316,.280,74,6,16,121,195,18
C Francis Turley,0,0,.NaN,0,0,0,0,0,0
Midland Rockets's Player Name,At Bats,Hits,Batting Average,Doubles,Triples,Home Runs,RBI's,Strikeouts,Walks,Innings Pitched,ERA,Earned Runs Allowed,Runs Allowed,Strikeouts,Walks,Wins,Losses
SP Justin Moore,146,4,.027,4,0,0,4,76,0,279.0,3.87,120,141,386,41,15,16
RP Chester Walczak,0,0,.NaN,0,0,0,0,0,0,0.0,0.00,0,0,0,0,0,0
SP Terry Brown,145,14,.097,2,0,0,8,59,2,267.2,5.21,155,175,385,47,9,23
RP Oscar Washington,0,0,.NaN,0,0,0,0,0,0,0.0,0.00,0,0,0,0,0,0
SP Michael Williams,160,2,.013,0,0,0,1,66,0,279.0,3.45,107,114,429,29,16,14
RP Russell Bullock,0,0,.NaN,0,0,0,0,0,0,0.0,0.00,0,0,0,0,0,0
SP Rick Bacon,168,22,.131,6,0,0,10,54,1,274.0,4.99,152,174,359,44,13,19
RP Billy Renfrow,0,0,.NaN,0,0,0,0,0,0,0.0,0.00,0,0,0,0,0,0
SP Maurice Bird,125,6,.048,4,0,0,5,49,0,206.0,5.29,121,129,284,29,10,11
RP Brian Champion,0,0,.NaN,0,0,0,0,0,0,0.0,0.00,0,0,0,0,0,0
SP Kelly Cain,42,2,.048,0,2,0,4,24,0,83.0,3.90,36,39,122,8,4,4
RP Daniel Feltman,0,0,.NaN,0,0,0,0,0,0,0.0,0.00,0,0,0,0,0,0
1B John Simmons,1045,294,.281,94,10,36,192,181,34
2B Fabian Ericson,1106,294,.266,72,4,38,152,186,32
3B Dennis Howard,0,0,.NaN,0,0,0,0,0,0
3B Sean Ortega,944,248,.263,64,14,28,166,210,18
SS Ernesto Corson,0,0,.NaN,0,0,0,0,0,0
SS Scott Sites,1042,268,.257,84,18,30,186,228,19
LF David Graham,0,0,.NaN,0,0,0,0,0,0
LF Steve Mascho,861,142,.165,54,2,2,77,269,17
RF Wilmer Kim,1124,304,.270,104,8,50,188,204,34
CF Donald Jackson,953,278,.292,88,4,22,148,213,32
C Robert Lemons,0,0,.NaN,0,0,0,0,0,0
C John Das,1032,264,.256,46,14,46,177,186,27
C Edward Mohn,0,0,.NaN,0,0,0,0,0,0
Pasadena Rangers's Player Name,At Bats,Hits,Batting Average,Doubles,Triples,Home Runs,RBI's,Strikeouts,Walks,Innings Pitched,ERA,Earned Runs Allowed,Runs Allowed,Strikeouts,Walks,Wins,Losses
SP Stephen Falcon,154,10,.065,2,2,0,6,68,0,289.0,3.46,111,113,427,34,17,14
RP Henry Smith,0,0,.NaN,0,0,0,0,0,0,0.0,0.00,0,0,0,0,0,0
SP Ian Wolf,174,8,.046,4,0,0,4,56,0,291.1,3.65,118,123,423,43,16,16
RP Jason Fischer,0,0,.NaN,0,0,0,0,0,0,0.0,0.00,0,0,0,0,0,0
SP Joseph Reinhart,172,20,.116,6,0,0,11,46,1,278.1,5.11,158,171,392,49,11,21
RP Bernard Cochran,0,0,.NaN,0,0,0,0,0,0,0.0,0.00,0,0,0,0,0,0
SP Luis Kenny,142,6,.042,4,0,0,7,66,0,277.0,4.09,126,132,418,49,11,20
RP David Vanderslice,0,0,.NaN,0,0,0,0,0,0,0.0,0.00,0,0,0,0,0,0
SP John Delgado,111,8,.072,4,2,0,6,49,0,210.2,3.03,71,74,314,37,12,12
RP Erick Lang,0,0,.NaN,0,0,0,0,0,0,0.0,0.00,0,0,0,0,0,0
SP Norman Haney,36,2,.056,2,0,0,4,16,0,68.2,3.28,25,26,94,16,2,5
RP Dusty Lampe,0,0,.NaN,0,0,0,0,0,0,0.0,0.00,0,0,0,0,0,0
1B Marquis Svec,902,228,.253,70,6,20,124,226,15
2B Jack Neves,1017,226,.222,68,2,16,117,207,17
3B Victor Thao,0,0,.NaN,0,0,0,0,0,0
3B Samuel Palacios,948,208,.219,74,4,24,147,236,27
SS Tom Herndon,0,0,.NaN,0,0,0,0,0,0
SS Raymond Brink,1009,230,.228,60,2,22,103,211,36
LF Charles Majors,0,0,.NaN,0,0,0,0,0,0
LF James Roberson,951,222,.233,74,6,14,123,205,25
RF Dan Dietzel,1096,322,.294,100,4,62,203,176,29
CF Chris Upham,1047,248,.237,78,6,30,135,279,23
C George Ramos,0,0,.NaN,0,0,0,0,0,0
C Gerald Jewell,0,0,.NaN,0,0,0,0,0,0
C Donald Haynes,844,174,.206,54,4,4,75,276,4
Mesquite Crusaders's Player Name,At Bats,Hits,Batting Average,Doubles,Triples,Home Runs,RBI's,Strikeouts,Walks,Innings Pitched,ERA,Earned Runs Allowed,Runs Allowed,Strikeouts,Walks,Wins,Losses
SP Edgar Scripp,161,6,.037,2,0,0,2,61,0,275.1,3.89,119,130,387,35,16,15
RP Horace Walker,0,0,.NaN,0,0,0,0,0,0,0.0,0.00,0,0,0,0,0,0
SP Edward Aquino,176,8,.045,2,0,0,2,60,0,298.0,3.87,128,137,440,40,15,18
RP Zachery Owens,0,0,.NaN,0,0,0,0,0,0,0.0,0.00,0,0,0,0,0,0
SP Jay Hutzel,135,4,.030,2,0,0,2,73,0,279.1,4.03,125,135,374,44,12,21
RP Julian Bello,0,0,.NaN,0,0,0,0,0,0,0.0,0.00,0,0,0,0,0,0
SP Peter Mcdonald,149,4,.027,4,0,0,5,67,4,286.1,4.18,133,139,421,47,20,13
RP Eric Powell,0,0,.NaN,0,0,0,0,0,0,0.0,0.00,0,0,0,0,0,0
SP Brian Anderson,117,0,.000,0,0,0,0,49,0,202.0,5.08,114,120,298,29,9,13
RP Leslie Riley,0,0,.NaN,0,0,0,0,0,0,0.0,0.00,0,0,0,0,0,0
SP Bruce Scholer,36,0,.000,0,0,0,0,16,0,70.0,2.83,22,22,101,4,4,4
RP Patrick Sheppard,0,0,.NaN,0,0,0,0,0,0,0.0,0.00,0,0,0,0,0,0
1B Arthur Olson,938,224,.239,40,12,18,137,238,24
2B Lawrence Cryer,1081,310,.287,88,8,46,184,211,30
3B Samuel Swauger,0,0,.NaN,0,0,0,0,0,0
3B Norman Vines,885,162,.183,52,8,2,100,285,5
SS Christopher Ahmer,0,0,.NaN,0,0,0,0,0,0
SS David Blum,1031,258,.250,60,12,28,133,245,20
LF Brad Terry,0,0,.NaN,0,0,0,0,0,0
LF Claude Camden,965,268,.278,76,16,18,173,181,50
RF Hubert Duran,1035,318,.307,60,8,14,144,191,31
CF Gustavo Gonzalez,1118,280,.250,94,6,40,164,228,20
C James Weaver,0,0,.NaN,0,0,0,0,0,0
C Eric Faulkner,0,0,.NaN,0,0,0,0,0,0
C Fredrick Alver,849,156,.184,60,2,2,83,273,11
Kent Panthers's Player Name,At Bats,Hits,Batting Average,Doubles,Triples,Home Runs,RBI's,Strikeouts,Walks,Innings Pitched,ERA,Earned Runs Allowed,Runs Allowed,Strikeouts,Walks,Wins,Losses
SP Charles King,157,6,.038,4,0,0,4,55,0,273.0,4.52,137,156,389,53,17,14
RP Joseph Ernzen,0,0,.NaN,0,0,0,0,0,0,0.0,0.00,0,0,0,0,0,0
SP Roy Sligh,148,2,.014,2,0,0,2,74,0,278.2,3.81,118,123,428,30,14,17
RP Roger Bishop,0,0,.NaN,0,0,0,0,0,0,0.0,0.00,0,0,0,0,0,0
SP Jose Smith,157,2,.013,0,0,0,0,65,0,272.2,3.33,101,113,440,24,16,16
RP Lionel Burkhamer,0,0,.NaN,0,0,0,0,0,0,0.0,0.00,0,0,0,0,0,0
SP William Onorato,168,26,.155,10,0,0,15,48,2,284.2,4.36,138,159,404,46,11,20
RP Harold Uroza,0,0,.NaN,0,0,0,0,0,0,0.0,0.00,0,0,0,0,0,0
SP Michael Wilson,98,4,.041,2,0,0,2,54,0,191.0,5.47,116,120,292,39,13,12
RP Michael Keeling,0,0,.NaN,0,0,0,0,0,0,0.0,0.00,0,0,0,0,0,0
SP Michael Reed,47,0,.000,0,0,0,1,25,0,88.0,3.38,33,34,123,11,5,5
RP Elijah Wiley,0,0,.NaN,0,0,0,0,0,0,0.0,0.00,0,0,0,0,0,0
1B Andrew Dickson,1028,264,.257,68,4,24,105,194,52
2B Steven Holmes,1016,290,.285,110,10,40,217,138,46
3B Max Redhead,0,0,.NaN,0,0,0,0,0,0
3B Alfonso Gould,894,254,.284,44,22,36,168,236,20
SS John Dorrance,0,0,.NaN,0,0,0,0,0,0
SS Charles Brunow,975,210,.215,80,18,12,158,179,29
LF Ismael Wakefield,1015,148,.146,46,6,0,69,347,9
RF Barry Fulgham,872,204,.234,66,12,26,137,226,15
CF William Lash,0,0,.NaN,0,0,0,0,0,0
CF Parker Petschow,1052,286,.272,80,14,28,179,158,41
C Dennis Ruiz,0,0,.NaN,0,0,0,0,0,0
C Daniel Kane,0,0,.NaN,0,0,0,0,0,0
C Robert Blodgett,1001,268,.268,68,14,24,138,171,33
Lincoln Highlanders's Player Name,At Bats,Hits,Batting Average,Doubles,Triples,Home Runs,RBI's,Strikeouts,Walks,Innings Pitched,ERA,Earned Runs Allowed,Runs Allowed,Strikeouts,Walks,Wins,Losses
SP Everett Ward,164,4,.024,0,2,0,6,62,0,270.0,4.30,129,135,393,32,14,17
RP Jonathan Stowe,0,0,.NaN,0,0,0,0,0,0,0.0,0.00,0,0,0,0,0,0
SP Jerry Jolivette,153,6,.039,4,0,0,2,67,1,273.1,4.84,147,153,412,52,15,19
RP Danny Crane,0,0,.NaN,0,0,0,0,0,0,0.0,0.00,0,0,0,0,0,0
SP Marshall Collier,175,12,.069,6,0,0,12,57,0,282.2,3.25,102,111,433,45,17,12
RP Joesph Vanstraten,0,0,.NaN,0,0,0,0,0,0,0.0,0.00,0,0,0,0,0,0
SP James Murr,159,0,.000,0,0,0,2,67,0,277.2,5.15,159,169,368,46,14,21
RP Andrew Espinoza,0,0,.NaN,0,0,0,0,0,0,0.0,0.00,0,0,0,0,0,0
SP Johnnie Braman,115,10,.087,2,0,0,2,47,0,204.1,3.22,73,76,315,31,10,14
RP William Jo,0,0,.NaN,0,0,0,0,0,0,0.0,0.00,0,0,0,0,0,0
SP Ricardo Murphy,55,6,.109,6,0,0,7,13,0,79.0,4.90,43,46,105,18,4,4
RP Steven Olsen,0,0,.NaN,0,0,0,0,0,0,0.0,0.00,0,0,0,0,0,0
1B Timothy Martinez,967,204,.211,74,10,14,147,181,8
2B Mark Starks,1094,290,.265,78,4,34,160,216,27
3B Dennis Clark,0,0,.NaN,0,0,0,0,0,0
3B James Brown,927,222,.239,56,8,18,144,207,39
SS Ryan Wong,0,0,.NaN,0,0,0,0,0,0
SS James Lom,1038,238,.229,88,12,16,171,200,21
LF Christopher Weisner,0,0,.NaN,0,0,0,0,0,0
LF James Hagberg,868,102,.118,38,2,0,64,280,9
RF John Orozco,1105,284,.257,94,6,50,172,199,42
CF Jay Mccrory,1097,286,.261,98,2,22,154,251,33
C Christopher Thomas,0,0,.NaN,0,0,0,0,0,0
C George Hendrix,0,0,.NaN,0,0,0,0,0,0
C Brandon Miller,1050,280,.267,70,18,12,166,210,33
Clarksville Bobcats's Player Name,At Bats,Hits,Batting Average,Doubles,Triples,Home Runs,RBI's,Strikeouts,Walks,Innings Pitched,ERA,Earned Runs Allowed,Runs Allowed,Strikeouts,Walks,Wins,Losses
SP Dominick Luo,162,0,.000,0,0,0,0,76,0,293.2,3.77,123,129,454,41,17,15
RP Ernest Mcdougal,0,0,.NaN,0,0,0,0,0,0,0.0,0.00,0,0,0,0,0,0
SP Ronnie Edwards,158,4,.025,2,0,0,2,68,0,277.1,4.41,136,144,369,44,17,15
RP Ronald Cain,0,0,.NaN,0,0,0,0,0,0,0.0,0.00,0,0,0,0,0,0
SP John Sanchez,152,0,.000,0,0,0,0,84,0,274.0,6.34,193,203,443,42,11,23
RP James Carrion,0,0,.NaN,0,0,0,0,0,0,0.0,0.00,0,0,0,0,0,0
SP Antonio Peters,172,0,.000,0,0,0,0,46,0,269.0,4.42,132,146,392,42,17,15
RP Jason Brown,0,0,.NaN,0,0,0,0,0,0,0.0,0.00,0,0,0,0,0,0
SP Raymond Pena,98,8,.082,6,0,0,10,38,1,178.1,3.99,79,82,279,27,5,14
RP David Shehan,0,0,.NaN,0,0,0,0,0,0,0.0,0.00,0,0,0,0,0,0
SP James Oland,57,10,.175,8,0,0,8,25,0,111.0,5.43,67,70,148,16,7,6
RP James Reeves,0,0,.NaN,0,0,0,0,0,0,0.0,0.00,0,0,0,0,0,0
1B Arthur Golden,1004,278,.277,88,8,12,155,198,18
2B Charles Townsend,1102,284,.258,108,8,26,175,218,13
3B John Thatcher,0,0,.NaN,0,0,0,0,0,0
3B Jose Furr,904,170,.188,64,4,2,102,238,13
SS Samuel Haffey,0,0,.NaN,0,0,0,0,0,0
SS John Nordstrom,1052,292,.278,80,20,42,235,206,16
LF Jerry Wallach,0,0,.NaN,0,0,0,0,0,0
LF Eddy French,1135,334,.294,92,8,46,201,165,41
RF Michael Gerard,1021,280,.274,74,18,10,165,181,28
CF Ruben Dorrah,1098,276,.251,92,6,46,173,246,30
C Carl Baumler,0,0,.NaN,0,0,0,0,0,0
C James Tom,0,0,.NaN,0,0,0,0,0,0
C Mathew Kaufman,926,178,.192,60,16,8,150,268,2
