Omaha Trojans's Player Name,At Bats,Hits,Batting Average,Doubles,Triples,Home Runs,RBI's,Strikeouts,Walks,Innings Pitched,ERA,Earned Runs Allowed,Runs Allowed,Strikeouts,Walks,Wins,Losses
SP Andrew Medina,167,6,.036,6,0,0,8,65,0,296.0,1.52,50,50,591,13,23,7
RP Mark Woodsmall,0,0,.NaN,0,0,0,0,0,0,0.0,0.00,0,0,0,0,0,0
SP James Davisson,165,2,.012,0,0,0,0,69,0,284.0,1.87,59,63,550,8,16,15
RP Richard Roszel,0,0,.NaN,0,0,0,0,0,0,0.0,0.00,0,0,0,0,0,0
SP Alvin Dohm,165,20,.121,4,0,0,4,55,2,279.0,1.65,51,51,543,8,20,14
RP Joseph Alderman,0,0,.NaN,0,0,0,0,0,0,0.0,0.00,0,0,0,0,0,0
SP Jason Carstens,195,52,.267,8,2,8,22,31,3,292.0,1.51,49,51,563,17,21,7
RP Michael Brady,0,0,.NaN,0,0,0,0,0,0,0.0,0.00,0,0,0,0,0,0
SP Ricky Bartlett,109,2,.018,0,0,0,0,53,0,213.2,1.47,35,38,406,8,11,13
RP John Sanders,0,0,.NaN,0,0,0,0,0,0,0.0,0.00,0,0,0,0,0,0
SP Alvin Hyde,40,0,.000,0,0,0,0,18,0,74.0,0.61,5,5,130,2,5,0
RP William Booker,0,0,.NaN,0,0,0,0,0,0,0.0,0.00,0,0,0,0,0,0
1B Randy Gold,1074,244,.227,84,4,14,111,280,8
2B Kevin Sands,998,182,.182,66,8,2,130,272,14
3B Carl James,824,64,.078,30,2,0,33,342,4
SS Trevor Ditrani,0,0,.NaN,0,0,0,0,0,0
SS Adam Shell,912,40,.044,18,2,0,30,304,4
LF Walter Sargent,0,0,.NaN,0,0,0,0,0,0
LF Jose Thomas,916,140,.153,78,2,0,98,322,6
RF James Berry,1011,196,.194,78,10,8,127,299,12
RF Hector Stewart,0,0,.NaN,0,0,0,0,0,0
RF Larry Sandhu,0,0,.NaN,0,0,0,0,0,0
CF Mario Embry,1110,210,.189,102,10,8,136,284,15
C Danny Healey,891,56,.063,24,0,0,29,303,4
Palmdale Lions's Player Name,At Bats,Hits,Batting Average,Doubles,Triples,Home Runs,RBI's,Strikeouts,Walks,Innings Pitched,ERA,Earned Runs Allowed,Runs Allowed,Strikeouts,Walks,Wins,Losses
SP Danny Hagele,193,48,.249,16,0,6,28,31,4,288.0,1.25,40,42,527,12,21,11
RP Elijah Blasko,0,0,.NaN,0,0,0,0,0,0,0.0,0.00,0,0,0,0,0,0
SP Donald Liles,166,8,.048,2,2,0,8,66,0,299.0,1.17,39,42,578,16,14,16
RP Warren Kennedy,0,0,.NaN,0,0,0,0,0,0,0.0,0.00,0,0,0,0,0,0
SP Alfred Morrow,156,16,.103,6,0,0,6,68,0,294.1,1.31,43,45,551,22,16,14
RP Dennis Lindsey,0,0,.NaN,0,0,0,0,0,0,0.0,0.00,0,0,0,0,0,0
SP Lawrence Fincher,186,2,.011,2,0,0,2,64,0,303.2,1.51,51,58,619,12,20,10
RP Todd Souden,0,0,.NaN,0,0,0,0,0,0,0.0,0.00,0,0,0,0,0,0
SP Robert Savage,132,12,.091,4,0,0,6,56,0,247.2,1.38,38,38,493,8,13,9
RP Brandon Adams,0,0,.NaN,0,0,0,0,0,0,0.0,0.00,0,0,0,0,0,0
SP Samuel Wilson,43,4,.093,2,0,0,0,11,0,70.0,1.41,11,11,137,2,2,6
RP Steven Bennett,0,0,.NaN,0,0,0,0,0,0,0.0,0.00,0,0,0,0,0,0
1B Williams Zaborowski,1088,224,.206,70,6,16,116,310,13
2B Thomas Mendoza,0,0,.NaN,0,0,0,0,0,0
2B Riley Volz,0,0,.NaN,0,0,0,0,0,0
2B Kyle Madsen,980,84,.086,38,6,0,71,364,2
3B Tyrone Case,1001,90,.090,48,8,0,72,313,0
SS Joseph Samuelson,1035,150,.145,56,4,0,77,319,5
SS Christian Reutter,0,0,.NaN,0,0,0,0,0,0
LF Drew Clarke,0,0,.NaN,0,0,0,0,0,0
LF Thaddeus Laba,984,76,.077,30,6,0,41,302,1
RF Howard Richardson,1102,194,.176,78,10,6,126,274,11
CF Joshua Janeway,1146,248,.216,86,2,2,98,274,21
C Dustin Deen,0,0,.NaN,0,0,0,0,0,0
C Chad Rewerts,872,88,.101,40,4,0,45,344,5
Pennsylvania Greyhounds's Player Name,At Bats,Hits,Batting Average,Doubles,Triples,Home Runs,RBI's,Strikeouts,Walks,Innings Pitched,ERA,Earned Runs Allowed,Runs Allowed,Strikeouts,Walks,Wins,Losses
SP John Lupton,184,20,.109,8,0,0,3,64,0,322.0,1.17,42,44,648,8,22,10
RP James Clark,0,0,.NaN,0,0,0,0,0,0,0.0,0.00,0,0,0,0,0,0
SP Alvin Barrientos,174,12,.069,8,0,0,10,66,4,304.0,1.89,64,69,592,19,15,15
RP Ralph Pressley,0,0,.NaN,0,0,0,0,0,0,0.0,0.00,0,0,0,0,0,0
SP Richard Faulconer,184,24,.130,14,0,0,12,52,1,306.1,1.41,48,54,585,20,18,10
RP Marcus Schroeder,0,0,.NaN,0,0,0,0,0,0,0.0,0.00,0,0,0,0,0,0
SP Maurice Bauman,166,4,.024,2,0,0,2,66,0,297.1,1.73,57,60,537,14,18,14
RP Curtis Oldroyd,0,0,.NaN,0,0,0,0,0,0,0.0,0.00,0,0,0,0,0,0
SP Ben Myers,119,6,.050,4,0,0,2,27,0,184.0,1.76,36,41,360,10,11,8
RP Mark Davis,0,0,.NaN,0,0,0,0,0,0,0.0,0.00,0,0,0,0,0,0
SP Gary Irons,55,2,.036,0,0,0,4,25,0,105.1,1.45,17,18,200,4,4,7
RP William Farmer,0,0,.NaN,0,0,0,0,0,0,0.0,0.00,0,0,0,0,0,0
1B Gerard Singleton,0,0,.NaN,0,0,0,0,0,0
1B Carl Williams,1098,200,.182,78,10,16,138,278,13
2B Adam Remillard,0,0,.NaN,0,0,0,0,0,0
2B Robert Mcguire,1003,74,.074,24,8,0,46,359,12
3B James Hess,914,114,.125,56,4,0,76,370,9
SS James Williams,899,116,.129,40,8,0,63,321,5
LF Sean Ricke,0,0,.NaN,0,0,0,0,0,0
LF Sean Mcguire,913,114,.125,44,4,0,56,335,7
RF John Gilley,1090,270,.248,74,6,20,116,216,60
CF Louis Anderson,0,0,.NaN,0,0,0,0,0,0
CF Tom Sullivan,1050,106,.101,58,2,0,53,406,1
C Stanley Collett,0,0,.NaN,0,0,0,0,0,0
C Darren Brucato,1014,158,.156,78,2,0,82,322,1
California Buccaneers's Player Name,At Bats,Hits,Batting Average,Doubles,Triples,Home Runs,RBI's,Strikeouts,Walks,Innings Pitched,ERA,Earned Runs Allowed,Runs Allowed,Strikeouts,Walks,Wins,Losses
SP Dave Goldberg,186,2,.011,2,0,0,2,72,0,311.2,1.79,62,68,605,11,19,14
RP John Timmons,0,0,.NaN,0,0,0,0,0,0,0.0,0.00,0,0,0,0,0,0
SP Kim Jones,154,4,.026,2,0,0,5,72,0,291.1,1.73,56,59,556,15,17,13
RP Robert Campos,0,0,.NaN,0,0,0,0,0,0,0.0,0.00,0,0,0,0,0,0
SP Ralph Goodwin,163,38,.233,18,4,2,24,33,4,273.0,1.85,56,62,527,13,21,10
RP Billy Grimm,0,0,.NaN,0,0,0,0,0,0,0.0,0.00,0,0,0,0,0,0
SP George Perez,167,6,.036,2,0,0,2,81,0,314.2,1.66,58,61,635,13,18,12
RP Tony Rennell,0,0,.NaN,0,0,0,0,0,0,0.0,0.00,0,0,0,0,0,0
SP Chris Carnaghi,93,2,.022,0,0,0,0,33,0,167.2,1.99,37,41,316,5,11,9
RP Joel Schwartz,0,0,.NaN,0,0,0,0,0,0,0.0,0.00,0,0,0,0,0,0
SP Robert Vardaro,74,0,.000,0,0,0,0,20,0,114.0,3.71,47,50,217,2,5,8
RP Joseph Lamb,0,0,.NaN,0,0,0,0,0,0,0.0,0.00,0,0,0,0,0,0
1B Bryan Krudwig,1077,200,.186,86,4,12,105,303,12
2B Robert Sabedra,1089,240,.220,84,10,2,119,211,14
3B Rodney Palm,0,0,.NaN,0,0,0,0,0,0
3B Larry Burns,1120,208,.186,94,10,8,141,232,9
SS Clarence Gomez,0,0,.NaN,0,0,0,0,0,0
SS Eddie Marsh,957,154,.161,66,6,0,100,313,3
LF Mitchell Archibald,0,0,.NaN,0,0,0,0,0,0
LF Alexis Enman,860,16,.019,10,0,0,17,338,0
RF Michael Usner,1047,208,.199,64,6,10,105,255,8
RF Luke Lesmeister,0,0,.NaN,0,0,0,0,0,0
CF Kenneth Walker,0,0,.NaN,0,0,0,0,0,0
CF Jason Strub,1069,116,.109,62,2,0,68,355,4
C Jerry Dorrough,950,150,.158,52,4,4,70,284,4
California Cubs's Player Name,At Bats,Hits,Batting Average,Doubles,Triples,Home Runs,RBI's,Strikeouts,Walks,Innings Pitched,ERA,Earned Runs Allowed,Runs Allowed,Strikeouts,Walks,Wins,Losses
SP David Schremser,174,30,.172,16,0,0,16,60,0,281.0,1.70,53,61,576,15,16,15
RP Walter Flock,0,0,.NaN,0,0,0,0,0,0,0.0,0.00,0,0,0,0,0,0
SP Roy Reeves,186,18,.097,10,0,0,8,72,0,310.2,1.45,50,62,616,16,22,12
RP Ryan Ware,0,0,.NaN,0,0,0,0,0,0,0.0,0.00,0,0,0,0,0,0
SP Jarod Wong,175,8,.046,2,0,0,2,59,0,284.0,1.81,57,60,568,13,18,14
RP Darrell Gant,0,0,.NaN,0,0,0,0,0,0,0.0,0.00,0,0,0,0,0,0
SP Charles Gray,186,18,.097,2,0,0,8,62,0,294.0,1.84,60,66,562,15,17,15
RP Ricardo Hoffart,0,0,.NaN,0,0,0,0,0,0,0.0,0.00,0,0,0,0,0,0
SP Daniel Thomas,145,10,.069,6,0,0,6,41,0,221.0,1.55,38,43,443,14,15,9
RP Ramon Depaoli,0,0,.NaN,0,0,0,0,0,0,0.0,0.00,0,0,0,0,0,0
SP Jonathan Humphrey,41,4,.098,0,4,0,8,15,1,67.0,0.81,6,7,128,4,5,2
RP George Barbier,0,0,.NaN,0,0,0,0,0,0,0.0,0.00,0,0,0,0,0,0
1B Dale Erickson,1050,148,.141,60,12,2,124,312,12
2B William Gibson,0,0,.NaN,0,0,0,0,0,0
2B Thomas Halgren,0,0,.NaN,0,0,0,0,0,0
2B Johnny Durr,928,48,.052,18,2,0,42,324,1
3B William Aleman,1019,74,.073,22,2,0,36,295,2
SS Elton Etheridge,968,68,.070,24,2,0,37,318,1
LF Andrew Averbeck,1117,230,.206,78,6,4,117,299,18
RF Ricky Karpus,1092,240,.220,92,2,0,115,292,15
RF Craig Anderson,0,0,.NaN,0,0,0,0,0,0
RF Mack Haessig,0,0,.NaN,0,0,0,0,0,0
CF Jeremy Nichols,1161,134,.115,90,6,2,103,323,8
C Andy Seltz,0,0,.NaN,0,0,0,0,0,0
C Robert Marks,1009,84,.083,28,4,0,57,349,3
Texas Comets's Player Name,At Bats,Hits,Batting Average,Doubles,Triples,Home Runs,RBI's,Strikeouts,Walks,Innings Pitched,ERA,Earned Runs Allowed,Runs Allowed,Strikeouts,Walks,Wins,Losses
SP Lloyd Weaver,166,2,.012,2,0,0,2,70,0,286.0,1.57,50,56,577,23,18,11
RP James Dewald,0,0,.NaN,0,0,0,0,0,0,0.0,0.00,0,0,0,0,0,0
SP Dan Dean,189,18,.095,8,0,0,6,69,1,323.2,2.14,77,84,621,20,14,18
RP Stephen May,0,0,.NaN,0,0,0,0,0,0,0.0,0.00,0,0,0,0,0,0
SP Frederick Noor,170,0,.000,0,0,0,0,70,0,298.1,1.90,63,72,599,15,17,15
RP Shawn Francis,0,0,.NaN,0,0,0,0,0,0,0.0,0.00,0,0,0,0,0,0
SP Richard Nutter,181,8,.044,6,0,0,4,61,2,309.0,1.54,53,62,594,11,16,15
RP James Roedig,0,0,.NaN,0,0,0,0,0,0,0.0,0.00,0,0,0,0,0,0
SP Frank Snyder,121,0,.000,0,0,0,0,57,0,216.2,1.66,40,41,420,15,12,12
RP James Mihalick,0,0,.NaN,0,0,0,0,0,0,0.0,0.00,0,0,0,0,0,0
SP Jason Herman,46,8,.174,4,0,0,4,18,0,83.0,1.63,15,17,162,5,4,3
RP Robert Hill,0,0,.NaN,0,0,0,0,0,0,0.0,0.00,0,0,0,0,0,0
1B Julian Winans,0,0,.NaN,0,0,0,0,0,0
1B Stewart Hall,1157,278,.240,88,8,14,133,255,36
2B Charles Jones,0,0,.NaN,0,0,0,0,0,0
2B Orlando Chen,0,0,.NaN,0,0,0,0,0,0
2B Calvin Flaherty,913,108,.118,46,0,0,56,375,7
3B Kevin Ibarra,940,42,.045,22,2,0,32,324,0
SS Robert Hunt,1077,150,.139,58,4,2,83,355,9
LF James Walsh,1068,186,.174,68,2,2,108,262,18
RF Gregory Aguilera,1117,250,.224,74,8,4,131,247,20
RF William Jorge,0,0,.NaN,0,0,0,0,0,0
CF Lowell Phillips,1144,132,.115,52,4,0,57,354,6
C Donald Kennard,0,0,.NaN,0,0,0,0,0,0
C James Emanuel,989,108,.109,46,0,0,62,335,2
Oklahoma Crusaders's Player Name,At Bats,Hits,Batting Average,Doubles,Triples,Home Runs,RBI's,Strikeouts,Walks,Innings Pitched,ERA,Earned Runs Allowed,Runs Allowed,Strikeouts,Walks,Wins,Losses
SP Nathaniel Mazyck,167,0,.000,0,0,0,2,77,0,291.1,1.76,57,58,580,14,19,10
RP Matthew Breeden,0,0,.NaN,0,0,0,0,0,0,0.0,0.00,0,0,0,0,0,0
SP Joseph Joseph,171,0,.000,0,0,0,0,73,1,289.2,2.27,73,79,573,13,16,15
RP Christopher Grant,0,0,.NaN,0,0,0,0,0,0,0.0,0.00,0,0,0,0,0,0
SP Ray Risse,164,2,.012,2,0,0,4,82,0,306.0,1.74,59,65,597,13,20,10
RP Anthony Johnson,0,0,.NaN,0,0,0,0,0,0,0.0,0.00,0,0,0,0,0,0
SP Jerry Mccoy,166,14,.084,10,0,0,10,66,1,289.2,1.90,61,68,562,10,9,20
RP Juan Mitchell,0,0,.NaN,0,0,0,0,0,0,0.0,0.00,0,0,0,0,0,0
SP Thomas Orozco,145,14,.097,4,0,0,4,43,2,221.2,1.71,42,46,407,8,15,8
RP Derick Powers,0,0,.NaN,0,0,0,0,0,0,0.0,0.00,0,0,0,0,0,0
SP James Polley,45,0,.000,0,0,0,0,15,0,68.0,2.91,22,26,125,3,2,6
RP Ivan Joh,0,0,.NaN,0,0,0,0,0,0,0.0,0.00,0,0,0,0,0,0
1B Eddie Fenton,0,0,.NaN,0,0,0,0,0,0
1B James Diaz,1068,196,.184,76,8,2,109,310,20
2B James Mclellan,0,0,.NaN,0,0,0,0,0,0
2B Ellis Mukherjee,974,62,.064,18,2,0,34,326,8
3B Jesse Hammond,1046,192,.184,80,8,6,137,272,16
SS John Lenhart,1046,154,.147,70,6,4,137,308,8
LF Charles Pierce,920,120,.130,56,4,0,71,334,2
RF Alejandro Barks,1133,268,.237,98,8,8,139,299,13
RF Joel Morrell,0,0,.NaN,0,0,0,0,0,0
RF Daniel Aramburo,0,0,.NaN,0,0,0,0,0,0
RF Thomas Agostini,0,0,.NaN,0,0,0,0,0,0
CF Gregory Deyoung,1155,242,.210,82,8,10,118,283,33
C Anthony Zwick,960,28,.029,22,2,0,23,338,0
California Vikings's Player Name,At Bats,Hits,Batting Average,Doubles,Triples,Home Runs,RBI's,Strikeouts,Walks,Innings Pitched,ERA,Earned Runs Allowed,Runs Allowed,Strikeouts,Walks,Wins,Losses
SP Thomas Centofante,196,20,.102,8,2,0,14,54,1,312.1,1.64,57,60,648,10,21,13
RP Louis Tschoepe,0,0,.NaN,0,0,0,0,0,0,0.0,0.00,0,0,0,0,0,0
SP Gabriel Miller,172,2,.012,0,0,0,1,58,0,296.1,1.43,47,54,553,10,17,14
RP Robert Pugh,0,0,.NaN,0,0,0,0,0,0,0.0,0.00,0,0,0,0,0,0
SP Donald Prunty,170,6,.035,2,0,0,3,78,0,305.2,1.74,59,65,599,13,16,14
RP John Pomante,0,0,.NaN,0,0,0,0,0,0,0.0,0.00,0,0,0,0,0,0
SP Peter Munoz,163,10,.061,6,0,0,8,65,0,283.0,1.84,58,59,545,21,17,15
RP Kyle Newsom,0,0,.NaN,0,0,0,0,0,0,0.0,0.00,0,0,0,0,0,0
SP Maurice Valentine,122,10,.082,6,0,0,6,40,0,201.1,1.83,41,43,382,13,10,13
RP Wendell Ricca,0,0,.NaN,0,0,0,0,0,0,0.0,0.00,0,0,0,0,0,0
SP Arnold Eilerman,55,6,.109,4,0,0,6,11,0,77.1,2.09,18,19,148,1,5,2
RP Robert Houdeshell,0,0,.NaN,0,0,0,0,0,0,0.0,0.00,0,0,0,0,0,0
1B Daniel Davis,1060,190,.179,60,2,8,89,308,8
2B Roger Holmes,1141,262,.230,94,8,4,114,287,2
3B David Zavala,1013,200,.197,70,6,0,110,281,16
SS Fred Blankinship,0,0,.NaN,0,0,0,0,0,0
SS Troy Dearden,878,20,.023,10,2,0,21,330,1
LF Joseph Weber,0,0,.NaN,0,0,0,0,0,0
LF Eric Mccullough,976,126,.129,56,4,2,92,318,2
RF Jesse Fontes,1046,200,.191,88,12,2,127,280,20
RF Daniel Lovelace,0,0,.NaN,0,0,0,0,0,0
CF Charles Fano,0,0,.NaN,0,0,0,0,0,0
CF Jeffery Davis,1064,132,.124,42,2,0,44,384,3
CF Jeffery Diaz,0,0,.NaN,0,0,0,0,0,0
C George Bailey,909,74,.081,26,4,0,49,335,2
Nevada Yellow Jackets's Player Name,At Bats,Hits,Batting Average,Doubles,Triples,Home Runs,RBI's,Strikeouts,Walks,Innings Pitched,ERA,Earned Runs Allowed,Runs Allowed,Strikeouts,Walks,Wins,Losses
SP Emory Reinsel,170,14,.082,0,0,0,0,62,0,299.0,1.72,57,63,604,12,11,20
RP Charles Mcdonald,0,0,.NaN,0,0,0,0,0,0,0.0,0.00,0,0,0,0,0,0
SP Robert Gresham,153,22,.144,8,0,0,14,51,1,274.1,1.25,38,44,573,12,14,13
RP Kenneth Nichols,0,0,.NaN,0,0,0,0,0,0,0.0,0.00,0,0,0,0,0,0
SP Jeff Franklin,169,0,.000,0,0,0,0,71,0,301.2,1.76,59,66,622,13,17,13
RP James Greiner,0,0,.NaN,0,0,0,0,0,0,0.0,0.00,0,0,0,0,0,0
SP Reid Jansen,161,22,.137,10,2,0,18,51,0,288.1,1.94,62,71,533,15,20,12
RP Denis Fouts,0,0,.NaN,0,0,0,0,0,0,0.0,0.00,0,0,0,0,0,0
SP Ronald Prado,132,0,.000,0,0,0,0,56,0,244.2,1.36,37,42,499,9,15,9
RP Jeffery Fuller,0,0,.NaN,0,0,0,0,0,0,0.0,0.00,0,0,0,0,0,0
SP Ned Finley,35,0,.000,0,0,0,0,15,0,69.1,1.30,10,11,140,4,4,3
RP Milan Parker,0,0,.NaN,0,0,0,0,0,0,0.0,0.00,0,0,0,0,0,0
1B Amos Cruz,0,0,.NaN,0,0,0,0,0,0
1B Andrew Campuzano,1063,218,.205,90,4,2,111,287,8
2B Gerald Hawkes,0,0,.NaN,0,0,0,0,0,0
2B Maria Rischar,1051,106,.101,52,2,0,67,371,0
3B Robert Gerow,898,96,.107,56,2,0,67,310,3
SS Robert Smits,971,128,.132,60,4,0,87,297,1
LF Kendrick Joseph,988,112,.113,50,4,0,66,322,0
RF Dewey Curtis,1072,214,.200,82,6,10,98,304,12
CF Darrel Pakkala,0,0,.NaN,0,0,0,0,0,0
CF Kenneth White,0,0,.NaN,0,0,0,0,0,0
CF Tyler Rhoton,1023,186,.182,72,14,4,107,291,10
C William Massimo,0,0,.NaN,0,0,0,0,0,0
C John Black,854,76,.089,42,0,0,49,324,0
Pittsburgh Broncos's Player Name,At Bats,Hits,Batting Average,Doubles,Triples,Home Runs,RBI's,Strikeouts,Walks,Innings Pitched,ERA,Earned Runs Allowed,Runs Allowed,Strikeouts,Walks,Wins,Losses
SP James Carr,184,32,.174,18,0,0,22,54,0,296.1,1.28,42,45,583,9,14,12
RP Amado Gelman,0,0,.NaN,0,0,0,0,0,0,0.0,0.00,0,0,0,0,0,0
SP Ryan Ostronic,174,14,.080,2,0,0,3,60,3,306.1,1.70,58,59,597,10,14,18
RP Corey Ahmed,0,0,.NaN,0,0,0,0,0,0,0.0,0.00,0,0,0,0,0,0
SP William Lawrence,185,28,.151,18,0,0,21,55,1,307.0,1.64,56,57,627,14,19,11
RP Melvin Leal,0,0,.NaN,0,0,0,0,0,0,0.0,0.00,0,0,0,0,0,0
SP Leroy Smith,172,34,.198,20,0,0,18,48,1,290.2,1.61,52,55,561,10,15,16
RP John Conner,0,0,.NaN,0,0,0,0,0,0,0.0,0.00,0,0,0,0,0,0
SP Perry Foley,87,4,.046,0,0,0,0,27,3,150.0,1.74,29,29,302,4,8,9
RP Jessie Burns,0,0,.NaN,0,0,0,0,0,0,0.0,0.00,0,0,0,0,0,0
SP Thomas Mcneilly,92,10,.109,4,0,0,7,30,0,144.1,2.24,36,38,271,4,6,10
RP Shawn Sandford,0,0,.NaN,0,0,0,0,0,0,0.0,0.00,0,0,0,0,0,0
1B Agustin Garrison,1134,254,.224,98,4,0,107,276,21
2B Harold Moulton,0,0,.NaN,0,0,0,0,0,0
2B Samuel Romesberg,1029,144,.140,56,8,0,104,335,0
3B Dale Keller,946,134,.142,56,2,0,66,326,2
SS Preston Galvan,1003,106,.106,50,4,0,59,367,11
LF Stacy Waugh,0,0,.NaN,0,0,0,0,0,0
LF John Cohen,861,38,.044,22,0,0,20,363,2
RF Dennis Boston,1074,188,.175,66,8,0,92,310,11
RF Thomas Bozeman,0,0,.NaN,0,0,0,0,0,0
CF Kevin Escobar,0,0,.NaN,0,0,0,0,0,0
CF Caleb Shah,1001,112,.112,54,6,0,87,337,4
C Kevin Vanegas,0,0,.NaN,0,0,0,0,0,0
C David Link,981,58,.059,30,2,0,46,311,4
California Rangers's Player Name,At Bats,Hits,Batting Average,Doubles,Triples,Home Runs,RBI's,Strikeouts,Walks,Innings Pitched,ERA,Earned Runs Allowed,Runs Allowed,Strikeouts,Walks,Wins,Losses
SP Robert Young,161,4,.025,0,0,0,0,73,0,289.2,1.43,46,51,544,11,17,13
RP Rodney Vassallo,0,0,.NaN,0,0,0,0,0,0,0.0,0.00,0,0,0,0,0,0
SP Marion Courtenay,183,14,.077,6,0,0,6,55,1,306.0,1.62,55,60,637,8,21,14
RP Jon Mcgrew,0,0,.NaN,0,0,0,0,0,0,0.0,0.00,0,0,0,0,0,0
SP William Larkin,165,10,.061,8,0,0,6,69,0,292.1,1.79,58,62,570,15,11,19
RP William Bettencourt,0,0,.NaN,0,0,0,0,0,0,0.0,0.00,0,0,0,0,0,0
SP Dave Caulk,159,4,.025,0,2,0,2,75,0,291.1,1.85,60,65,551,13,21,14
RP Quinton Hill,0,0,.NaN,0,0,0,0,0,0,0.0,0.00,0,0,0,0,0,0
SP Vincent Messenger,117,2,.017,2,0,0,0,59,0,219.2,1.93,47,53,405,15,11,13
RP Anthony Lengyel,0,0,.NaN,0,0,0,0,0,0,0.0,0.00,0,0,0,0,0,0
SP Eric Manville,34,0,.000,0,0,0,0,20,0,64.2,1.11,8,10,124,1,4,2
RP Raymond Smith,0,0,.NaN,0,0,0,0,0,0,0.0,0.00,0,0,0,0,0,0
1B Carey Lazaro,1054,200,.190,84,6,0,92,288,25
2B Anthony Stephens,1069,228,.213,92,10,8,127,253,17
3B Manuel Gross,0,0,.NaN,0,0,0,0,0,0
3B William Hall,846,70,.083,34,2,0,42,338,8
SS Gregory Laabs,0,0,.NaN,0,0,0,0,0,0
SS Joe Ly,889,24,.027,12,0,0,24,359,3
LF Edwin Scobie,0,0,.NaN,0,0,0,0,0,0
LF Clarence Andree,958,132,.138,48,6,2,83,300,17
RF Larry Ritter,979,190,.194,88,10,6,145,303,11
CF Joseph Miller,0,0,.NaN,0,0,0,0,0,0
CF James Powderly,1120,146,.130,54,2,0,58,314,4
C Lowell Garcia,0,0,.NaN,0,0,0,0,0,0
C Johnny Little,916,80,.087,30,6,0,48,314,2
Memphis Falcons's Player Name,At Bats,Hits,Batting Average,Doubles,Triples,Home Runs,RBI's,Strikeouts,Walks,Innings Pitched,ERA,Earned Runs Allowed,Runs Allowed,Strikeouts,Walks,Wins,Losses
SP Marvin Turner,165,10,.061,4,0,0,3,65,0,290.1,1.67,54,57,562,18,15,16
RP Robert Pitts,0,0,.NaN,0,0,0,0,0,0,0.0,0.00,0,0,0,0,0,0
SP Erich Proud,174,16,.092,6,0,0,6,66,1,309.0,1.72,59,68,597,16,18,15
RP Charles Gallagher,0,0,.NaN,0,0,0,0,0,0,0.0,0.00,0,0,0,0,0,0
SP Christopher Minucci,173,28,.162,8,0,0,11,67,0,296.2,1.30,43,53,603,12,16,14
RP Kyle Galloway,0,0,.NaN,0,0,0,0,0,0,0.0,0.00,0,0,0,0,0,0
SP Timothy Samuel,174,10,.057,4,4,0,12,72,0,303.1,2.31,78,86,618,10,15,15
RP James Handeland,0,0,.NaN,0,0,0,0,0,0,0.0,0.00,0,0,0,0,0,0
SP Donald Goodwin,124,8,.065,2,2,0,10,40,1,200.1,1.17,26,31,400,12,13,6
RP Anthony Cornelius,0,0,.NaN,0,0,0,0,0,0,0.0,0.00,0,0,0,0,0,0
SP Lyle Regan,58,6,.103,6,0,0,4,22,0,98.0,2.30,25,25,186,4,4,6
RP John Mcintyre,0,0,.NaN,0,0,0,0,0,0,0.0,0.00,0,0,0,0,0,0
1B William Taillon,0,0,.NaN,0,0,0,0,0,0
1B Thomas Grammas,1048,214,.204,88,2,4,105,316,23
2B Fred Brooks,0,0,.NaN,0,0,0,0,0,0
2B David Davis,937,108,.115,44,6,0,64,307,0
3B Adrian Brandt,976,58,.059,32,4,0,56,342,2
SS Joseph Page,1085,122,.112,50,6,0,70,279,11
LF Joel Feldman,956,88,.092,26,4,0,54,382,10
RF Ricardo Riddle,1133,210,.185,100,4,10,124,275,19
RF Wesley House,0,0,.NaN,0,0,0,0,0,0
RF Luis Haynes,0,0,.NaN,0,0,0,0,0,0
CF Robert Sanchez,1113,182,.164,66,6,0,91,347,11
C Brian Jeffries,0,0,.NaN,0,0,0,0,0,0
C Donald West,953,98,.103,26,6,0,47,319,7
Texas Rockets's Player Name,At Bats,Hits,Batting Average,Doubles,Triples,Home Runs,RBI's,Strikeouts,Walks,Innings Pitched,ERA,Earned Runs Allowed,Runs Allowed,Strikeouts,Walks,Wins,Losses
SP Chester Lynch,171,20,.117,14,0,0,14,55,1,280.0,1.77,55,62,572,12,17,13
RP Wade Townsend,0,0,.NaN,0,0,0,0,0,0,0.0,0.00,0,0,0,0,0,0
SP Charles Mccreary,178,0,.000,0,0,0,1,74,0,299.2,1.41,47,57,602,16,18,13
RP Harry Gardner,0,0,.NaN,0,0,0,0,0,0,0.0,0.00,0,0,0,0,0,0
SP Thomas Amacker,172,34,.198,14,0,0,20,66,1,293.1,2.33,76,90,560,16,14,19
RP Daniel Meline,0,0,.NaN,0,0,0,0,0,0,0.0,0.00,0,0,0,0,0,0
SP Thomas Hatch,185,16,.086,6,0,0,4,51,0,280.1,2.18,68,75,529,12,12,21
RP Richard Rhodes,0,0,.NaN,0,0,0,0,0,0,0.0,0.00,0,0,0,0,0,0
SP Lucas Bower,138,8,.058,2,0,0,4,52,0,231.0,1.40,36,37,460,2,19,6
RP Andrew Dubinsky,0,0,.NaN,0,0,0,0,0,0,0.0,0.00,0,0,0,0,0,0
SP William Balbi,46,2,.043,0,0,0,0,16,0,69.0,2.09,16,20,129,9,1,5
RP Stephen Welsh,0,0,.NaN,0,0,0,0,0,0,0.0,0.00,0,0,0,0,0,0
1B Roger Widler,1114,234,.210,80,4,4,111,260,13
2B Alexander Overpeck,0,0,.NaN,0,0,0,0,0,0
2B Shane Lee,970,106,.109,42,0,0,44,296,2
3B Alvin Fernandez,909,122,.134,58,2,0,66,317,7
SS Robert Mannion,920,50,.054,24,6,0,46,382,4
LF James Aldridge,0,0,.NaN,0,0,0,0,0,0
LF Adam Jeans,1128,250,.222,104,4,0,117,294,3
RF Michael Williams,1145,212,.185,88,8,4,120,303,9
RF Brian Charbonneau,0,0,.NaN,0,0,0,0,0,0
CF George Murdock,0,0,.NaN,0,0,0,0,0,0
CF Wayne Saxon,1065,156,.146,52,4,0,66,257,26
C Charles Smith,0,0,.NaN,0,0,0,0,0,0
C Kenneth Morales,967,64,.066,42,2,0,51,377,1
New York Blue Devils's Player Name,At Bats,Hits,Batting Average,Doubles,Triples,Home Runs,RBI's,Strikeouts,Walks,Innings Pitched,ERA,Earned Runs Allowed,Runs Allowed,Strikeouts,Walks,Wins,Losses
SP Daniel Frost,158,14,.089,10,0,0,16,66,0,292.0,2.13,69,80,549,16,15,16
RP Victor Cannon,0,0,.NaN,0,0,0,0,0,0,0.0,0.00,0,0,0,0,0,0
SP Johnny Whitney,183,30,.164,12,0,0,14,65,0,313.2,1.49,52,59,616,8,17,13
RP Michael Hibner,0,0,.NaN,0,0,0,0,0,0,0.0,0.00,0,0,0,0,0,0
SP James Moore,178,68,.382,16,2,10,40,36,6,279.1,1.71,53,63,525,8,15,15
RP Alan Smedberg,0,0,.NaN,0,0,0,0,0,0,0.0,0.00,0,0,0,0,0,0
SP Steven Polino,164,0,.000,0,0,0,1,74,0,298.1,2.32,77,89,600,11,12,20
RP Carlos Swenson,0,0,.NaN,0,0,0,0,0,0,0.0,0.00,0,0,0,0,0,0
SP Edward Post,91,14,.154,10,2,0,14,35,0,165.1,1.31,24,29,339,11,11,6
RP Marc Moore,0,0,.NaN,0,0,0,0,0,0,0.0,0.00,0,0,0,0,0,0
SP Rickey Ward,71,8,.113,4,0,0,4,25,0,127.0,1.91,27,29,243,7,7,7
RP William Sinclair,0,0,.NaN,0,0,0,0,0,0,0.0,0.00,0,0,0,0,0,0
1B Karl Herrera,1022,158,.155,70,4,0,90,330,11
2B Donald Fark,979,170,.174,60,4,0,70,267,9
SS David Lee,0,0,.NaN,0,0,0,0,0,0
SS Bruce Chamberlain,824,78,.095,30,12,0,54,366,3
LF Thomas Wilson,0,0,.NaN,0,0,0,0,0,0
LF David Ready,871,68,.078,30,2,0,39,351,6
RF Hector Henson,1083,188,.174,74,4,2,80,293,9
RF Robert Knight,1063,216,.203,76,8,4,102,247,16
CF Don Mazza,0,0,.NaN,0,0,0,0,0,0
CF James Reiff,0,0,.NaN,0,0,0,0,0,0
CF Carlton Ralston,1041,92,.088,44,6,0,62,385,4
C William Snow,999,190,.190,58,12,2,100,283,11
California Cardinals's Player Name,At Bats,Hits,Batting Average,Doubles,Triples,Home Runs,RBI's,Strikeouts,Walks,Innings Pitched,ERA,Earned Runs Allowed,Runs Allowed,Strikeouts,Walks,Wins,Losses
SP Herbert Wallace,164,0,.000,0,0,0,1,66,0,296.2,1.09,36,37,592,15,19,9
RP Lester Heredia,0,0,.NaN,0,0,0,0,0,0,0.0,0.00,0,0,0,0,0,0
SP Robert Waldron,199,60,.302,24,0,2,22,27,5,287.2,2.06,66,71,557,16,15,18
RP Allen Werner,0,0,.NaN,0,0,0,0,0,0,0.0,0.00,0,0,0,0,0,0
SP Nathaniel Glass,187,26,.139,16,2,0,16,47,0,295.2,1.52,50,54,580,9,18,10
RP Michael Lee,0,0,.NaN,0,0,0,0,0,0,0.0,0.00,0,0,0,0,0,0
SP Robert Phillips,166,10,.060,4,0,0,8,66,1,285.1,2.14,68,72,500,14,11,20
RP Micheal Whitehead,0,0,.NaN,0,0,0,0,0,0,0.0,0.00,0,0,0,0,0,0
SP Christopher Mcconnell,110,0,.000,0,0,0,0,54,0,196.2,1.83,40,43,363,14,7,15
RP Aubrey Peguero,0,0,.NaN,0,0,0,0,0,0,0.0,0.00,0,0,0,0,0,0
SP Craig Elwer,60,2,.033,0,0,0,0,26,0,102.1,1.76,20,22,204,2,6,5
RP Craig Delgado,0,0,.NaN,0,0,0,0,0,0,0.0,0.00,0,0,0,0,0,0
1B Rodney Votaw,1095,208,.190,82,4,6,107,319,4
2B Michael Tims,1066,172,.161,64,8,0,92,286,21
3B Christopher Leal,980,60,.061,24,0,0,28,304,5
SS Steve Finucan,0,0,.NaN,0,0,0,0,0,0
SS Jame Farr,1013,132,.130,68,6,0,110,305,4
LF Benjamin Frazier,0,0,.NaN,0,0,0,0,0,0
LF Frank Perrotta,0,0,.NaN,0,0,0,0,0,0
LF Ward Schulz,920,64,.070,26,0,0,43,332,6
RF Freddie Findlay,1074,226,.210,78,2,14,113,270,4
RF Jeffery Gioia,0,0,.NaN,0,0,0,0,0,0
CF Nicholas Mounce,0,0,.NaN,0,0,0,0,0,0
CF Donald Weaver,1059,130,.123,48,0,0,48,399,1
C Ryan Crockett,918,76,.083,22,4,0,37,288,6
Madison Spartans's Player Name,At Bats,Hits,Batting Average,Doubles,Triples,Home Runs,RBI's,Strikeouts,Walks,Innings Pitched,ERA,Earned Runs Allowed,Runs Allowed,Strikeouts,Walks,Wins,Losses
SP Neil Augenstein,170,24,.141,8,0,0,6,60,0,287.0,1.25,40,41,550,13,18,14
RP John Dahn,0,0,.NaN,0,0,0,0,0,0,0.0,0.00,0,0,0,0,0,0
SP Christopher Moore,186,8,.043,2,0,0,2,62,0,297.2,2.09,69,72,552,17,15,17
RP William Mccarty,0,0,.NaN,0,0,0,0,0,0,0.0,0.00,0,0,0,0,0,0
SP James Gable,186,0,.000,0,0,0,0,80,0,305.2,1.74,59,64,606,8,14,16
RP Walter Campion,0,0,.NaN,0,0,0,0,0,0,0.0,0.00,0,0,0,0,0,0
SP Chris Colebank,181,24,.133,6,2,0,10,61,0,301.2,2.33,78,83,569,18,21,12
RP Cody Stoner,0,0,.NaN,0,0,0,0,0,0,0.0,0.00,0,0,0,0,0,0
SP Christopher Lee,148,4,.027,0,0,0,0,66,0,256.0,1.69,48,50,491,14,12,16
RP Larry Nieman,0,0,.NaN,0,0,0,0,0,0,0.0,0.00,0,0,0,0,0,0
SP Victor Hurtado,22,0,.000,0,0,0,0,10,1,44.0,1.23,6,6,78,0,3,2
RP Henry Morneau,0,0,.NaN,0,0,0,0,0,0,0.0,0.00,0,0,0,0,0,0
1B James Wagner,1032,178,.172,88,4,0,102,310,11
2B Charles Reck,1144,246,.215,90,6,2,108,290,12
3B Fred Pagonis,963,178,.185,68,6,0,92,339,1
SS Rodrigo Allison,975,38,.039,16,2,0,23,355,4
LF Virgil Glover,0,0,.NaN,0,0,0,0,0,0
LF Vito Labounty,896,14,.016,4,0,0,6,362,0
RF Stephen Haney,1184,182,.154,56,4,4,69,302,8
RF Paul Cunningham,0,0,.NaN,0,0,0,0,0,0
RF Joseph Galicia,0,0,.NaN,0,0,0,0,0,0
CF Robert Rinaldi,1070,172,.161,52,4,4,88,310,12
C Matthew Ramsey,0,0,.NaN,0,0,0,0,0,0
C Anthony Flake,885,84,.095,36,0,0,47,387,3
Florida Tigers's Player Name,At Bats,Hits,Batting Average,Doubles,Triples,Home Runs,RBI's,Strikeouts,Walks,Innings Pitched,ERA,Earned Runs Allowed,Runs Allowed,Strikeouts,Walks,Wins,Losses
SP Alfred Newton,178,16,.090,4,0,0,2,46,1,275.0,2.16,66,70,566,8,14,18
RP Gerald Hawkins,0,0,.NaN,0,0,0,0,0,0,0.0,0.00,0,0,0,0,0,0
SP Justin Smith,160,0,.000,0,0,0,0,86,0,310.2,1.65,57,67,637,6,14,17
RP Richard Wisneski,0,0,.NaN,0,0,0,0,0,0,0.0,0.00,0,0,0,0,0,0
SP Lonnie Cole,171,0,.000,0,0,0,2,63,0,283.2,1.97,62,77,570,14,15,17
RP Preston Czyzewski,0,0,.NaN,0,0,0,0,0,0,0.0,0.00,0,0,0,0,0,0
SP Jerry Hodge,173,2,.012,2,0,0,3,65,1,291.0,1.21,39,49,585,17,18,13
RP Luis Chavez,0,0,.NaN,0,0,0,0,0,0,0.0,0.00,0,0,0,0,0,0
SP David Tracy,112,0,.000,0,0,0,0,60,1,206.0,1.53,35,38,423,9,10,10
RP Darin Reed,0,0,.NaN,0,0,0,0,0,0,0.0,0.00,0,0,0,0,0,0
SP Raymond Arndt,63,2,.032,2,0,0,2,25,0,109.1,2.88,35,40,205,7,4,8
RP Joshua Luna,0,0,.NaN,0,0,0,0,0,0,0.0,0.00,0,0,0,0,0,0
1B James Johnson,1123,188,.167,78,0,0,88,287,9
2B Samuel Voelkel,0,0,.NaN,0,0,0,0,0,0
2B Sean Wiegner,0,0,.NaN,0,0,0,0,0,0
2B Christopher Schuette,937,90,.096,30,4,0,38,333,3
3B Bernard Joubert,988,98,.099,44,4,0,51,328,3
SS Jorge Clark,1052,104,.099,48,4,0,72,334,6
LF Robert Falk,874,78,.089,34,4,0,43,368,1
RF William Lewis,1151,214,.186,98,8,0,115,341,3
RF Stephen Diaz,0,0,.NaN,0,0,0,0,0,0
CF Tod Pacheco,0,0,.NaN,0,0,0,0,0,0
CF Alonzo Gomez,0,0,.NaN,0,0,0,0,0,0
CF Daniel Gilfillan,1130,224,.198,48,4,10,79,312,7
C Joseph Perez,1065,158,.148,52,12,0,94,305,1
Arizona Cowboys's Player Name,At Bats,Hits,Batting Average,Doubles,Triples,Home Runs,RBI's,Strikeouts,Walks,Innings Pitched,ERA,Earned Runs Allowed,Runs Allowed,Strikeouts,Walks,Wins,Losses
SP Jeff Nelsen,152,4,.026,4,0,0,4,68,0,282.0,2.11,66,69,563,15,15,16
RP Gary Roy,0,0,.NaN,0,0,0,0,0,0,0.0,0.00,0,0,0,0,0,0
SP Roger Joseph,187,12,.064,4,0,0,8,81,0,328.1,2.41,88,93,630,19,13,22
RP Michael Ensminger,0,0,.NaN,0,0,0,0,0,0,0.0,0.00,0,0,0,0,0,0
SP Cody Mack,165,2,.012,0,0,0,0,57,0,285.0,2.15,68,74,549,11,11,20
RP Donald Dyke,0,0,.NaN,0,0,0,0,0,0,0.0,0.00,0,0,0,0,0,0
SP Gabriel Johns,159,4,.025,2,0,0,4,77,0,296.1,2.03,67,80,568,11,9,21
RP Tracy Crittenden,0,0,.NaN,0,0,0,0,0,0,0.0,0.00,0,0,0,0,0,0
SP Matthew Gallardo,102,0,.000,0,0,0,1,44,0,188.2,1.62,34,36,374,9,15,5
RP Reginald Mann,0,0,.NaN,0,0,0,0,0,0,0.0,0.00,0,0,0,0,0,0
SP Morris Bozman,50,0,.000,0,0,0,0,34,0,105.2,1.70,20,22,209,2,8,2
RP Jonathan Davis,0,0,.NaN,0,0,0,0,0,0,0.0,0.00,0,0,0,0,0,0
1B Gary Sugerman,1079,202,.187,76,2,4,101,291,11
2B Edward Rousculp,0,0,.NaN,0,0,0,0,0,0
2B Keith Nagtalon,0,0,.NaN,0,0,0,0,0,0
2B Albert Bailey,938,74,.079,44,0,0,52,330,7
3B Donald Shankle,1018,198,.194,68,8,2,106,282,10
SS Edward Sandoval,858,92,.107,56,2,0,76,344,0
LF Michael Chand,1061,218,.205,78,10,14,107,339,10
RF Carl Sheron,1068,222,.208,100,10,2,155,292,3
RF Henry Piazza,0,0,.NaN,0,0,0,0,0,0
RF Robert Mazzuca,0,0,.NaN,0,0,0,0,0,0
CF Sam Pace,1136,234,.206,86,2,0,91,276,25
C Leon Smith,0,0,.NaN,0,0,0,0,0,0
C Ronnie Leon,913,80,.088,40,0,0,45,321,8
Shreveport Rockets's Player Name,At Bats,Hits,Batting Average,Doubles,Triples,Home Runs,RBI's,Strikeouts,Walks,Innings Pitched,ERA,Earned Runs Allowed,Runs Allowed,Strikeouts,Walks,Wins,Losses
SP Timothy Janes,164,6,.037,0,0,0,0,80,0,282.1,1.69,53,56,534,10,13,19
RP Felipe Spivack,0,0,.NaN,0,0,0,0,0,0,0.0,0.00,0,0,0,0,0,0
SP Chad Edie,188,20,.106,8,0,0,10,44,0,274.2,1.93,59,63,544,14,14,16
RP David Apple,0,0,.NaN,0,0,0,0,0,0,0.0,0.00,0,0,0,0,0,0
SP David Mceachern,178,2,.011,2,0,0,2,82,0,311.2,1.50,52,55,619,15,17,16
RP Vicente Colley,0,0,.NaN,0,0,0,0,0,0,0.0,0.00,0,0,0,0,0,0
SP George Ingram,178,16,.090,6,2,0,11,68,1,304.0,2.25,76,80,557,17,11,19
RP Christopher Zannis,0,0,.NaN,0,0,0,0,0,0,0.0,0.00,0,0,0,0,0,0
SP Ronald Glynn,124,14,.113,8,0,0,6,42,1,196.0,1.33,29,30,378,11,14,7
RP Ron Boyce,0,0,.NaN,0,0,0,0,0,0,0.0,0.00,0,0,0,0,0,0
SP John Huang,61,2,.033,2,0,0,2,21,0,92.1,1.95,20,22,167,6,4,6
RP Robert Ong,0,0,.NaN,0,0,0,0,0,0,0.0,0.00,0,0,0,0,0,0
1B Johnny Madden,1197,300,.251,82,4,6,90,217,31
2B Issac Thornton,1134,224,.198,66,2,4,74,294,7
3B Bradley Stopyra,999,64,.064,28,4,0,50,335,3
SS Joseph Bowe,0,0,.NaN,0,0,0,0,0,0
SS Michael Harkness,1018,80,.079,34,2,0,46,278,1
LF Michael Lampkin,0,0,.NaN,0,0,0,0,0,0
LF Harry Bostick,1104,62,.056,28,0,0,26,398,6
RF Ray Conklin,1099,286,.260,82,8,2,129,273,9
CF Marvin Butler,0,0,.NaN,0,0,0,0,0,0
CF Charles Montes,899,64,.071,42,2,0,49,363,3
CF Morgan Back,0,0,.NaN,0,0,0,0,0,0
C Matthew Feinberg,0,0,.NaN,0,0,0,0,0,0
C Bobby Spencer,1005,64,.064,38,0,0,55,349,6
Washington Tigers's Player Name,At Bats,Hits,Batting Average,Doubles,Triples,Home Runs,RBI's,Strikeouts,Walks,Innings Pitched,ERA,Earned Runs Allowed,Runs Allowed,Strikeouts,Walks,Wins,Losses
SP Robert Ritchie,170,0,.000,0,0,0,0,82,0,316.2,1.22,43,46,602,12,17,14
RP Lonnie Neal,0,0,.NaN,0,0,0,0,0,0,0.0,0.00,0,0,0,0,0,0
SP Brian Hicks,171,8,.047,2,0,0,2,71,0,297.1,1.79,59,60,584,6,9,21
RP Douglas Barwick,0,0,.NaN,0,0,0,0,0,0,0.0,0.00,0,0,0,0,0,0
SP Jonathan Sosa,177,14,.079,4,0,0,6,55,0,288.0,1.59,51,55,551,12,19,15
RP Curtis Burling,0,0,.NaN,0,0,0,0,0,0,0.0,0.00,0,0,0,0,0,0
SP Johnny Nieves,167,12,.072,6,0,0,9,63,0,284.1,2.06,65,72,520,19,11,21
RP Kenneth Dickens,0,0,.NaN,0,0,0,0,0,0,0.0,0.00,0,0,0,0,0,0
SP Ronald Leyba,115,14,.122,2,0,0,2,49,0,213.2,1.68,40,42,402,11,9,14
RP James Bellah,0,0,.NaN,0,0,0,0,0,0,0.0,0.00,0,0,0,0,0,0
SP Leo Watson,54,0,.000,0,0,0,1,22,0,91.0,1.88,19,23,169,6,5,6
RP Luis Allen,0,0,.NaN,0,0,0,0,0,0,0.0,0.00,0,0,0,0,0,0
1B Bryant Eades,1075,212,.197,68,2,2,87,279,15
2B Ruben Foley,0,0,.NaN,0,0,0,0,0,0
2B Scott Young,1136,184,.162,50,2,4,57,276,5
3B Cary Parson,925,142,.154,76,4,0,98,307,1
SS Ronald Carroll,0,0,.NaN,0,0,0,0,0,0
SS Alexander Howard,982,74,.075,34,2,0,41,316,5
LF Aaron Ionescu,1113,160,.144,62,4,0,81,351,2
RF Manuel Parkerson,990,192,.194,66,4,0,80,328,19
RF Curtis Murray,0,0,.NaN,0,0,0,0,0,0
CF Todd Niemeyer,0,0,.NaN,0,0,0,0,0,0
CF Leon Warner,982,86,.088,30,4,0,67,348,1
C Benito Zahar,0,0,.NaN,0,0,0,0,0,0
C Stacy Williams,880,48,.055,16,4,0,26,368,8
Missouri Titans's Player Name,At Bats,Hits,Batting Average,Doubles,Triples,Home Runs,RBI's,Strikeouts,Walks,Innings Pitched,ERA,Earned Runs Allowed,Runs Allowed,Strikeouts,Walks,Wins,Losses
SP Scott Vanderbeek,194,2,.010,0,0,0,1,80,0,311.0,1.53,53,54,583,22,12,16
RP Frank Interrante,0,0,.NaN,0,0,0,0,0,0,0.0,0.00,0,0,0,0,0,0
SP David Collier,156,0,.000,0,0,0,0,84,0,294.1,1.93,63,66,560,13,11,18
RP George Brewer,0,0,.NaN,0,0,0,0,0,0,0.0,0.00,0,0,0,0,0,0
SP David Shock,169,12,.071,4,0,0,8,61,0,278.2,1.42,44,48,573,17,12,16
RP Ronald Clark,0,0,.NaN,0,0,0,0,0,0,0.0,0.00,0,0,0,0,0,0
SP Miguel May,162,0,.000,0,0,0,0,66,0,272.1,2.68,81,84,515,15,9,21
RP James Moss,0,0,.NaN,0,0,0,0,0,0,0.0,0.00,0,0,0,0,0,0
SP Roy Browning,143,18,.126,2,0,0,2,45,1,228.0,1.74,44,47,447,7,11,14
RP Josue Jacobs,0,0,.NaN,0,0,0,0,0,0,0.0,0.00,0,0,0,0,0,0
SP John Franz,37,0,.000,0,0,0,0,15,0,68.0,1.85,14,15,125,3,6,2
RP Miguel Leetch,0,0,.NaN,0,0,0,0,0,0,0.0,0.00,0,0,0,0,0,0
1B Oscar Regalado,1074,190,.177,84,6,12,120,298,7
2B Barry Martinez,1170,182,.156,62,0,0,75,258,6
3B Sidney Griffitt,1029,146,.142,60,4,2,75,315,9
SS Jeffrey Rodriguez,0,0,.NaN,0,0,0,0,0,0
SS Dennis Perry,881,108,.123,42,6,0,66,381,3
LF Edward Samuels,0,0,.NaN,0,0,0,0,0,0
LF Bill Thrasher,1003,70,.070,36,4,0,55,293,4
RF Frank Wood,1056,228,.216,98,8,2,145,256,6
RF Alfred Grimes,0,0,.NaN,0,0,0,0,0,0
RF Martin Pugh,0,0,.NaN,0,0,0,0,0,0
CF John Noel,1108,88,.079,34,0,0,34,376,6
C Emil Richardson,0,0,.NaN,0,0,0,0,0,0
C Ricardo Kirsch,934,66,.071,30,2,0,36,296,7
California Dragons's Player Name,At Bats,Hits,Batting Average,Doubles,Triples,Home Runs,RBI's,Strikeouts,Walks,Innings Pitched,ERA,Earned Runs Allowed,Runs Allowed,Strikeouts,Walks,Wins,Losses
SP Craig Overfield,145,0,.000,0,0,0,0,71,0,289.2,1.83,59,67,549,15,13,16
RP Lucas Hope,0,0,.NaN,0,0,0,0,0,0,0.0,0.00,0,0,0,0,0,0
SP Robbie Corrales,175,38,.217,14,0,4,24,37,0,270.0,2.03,61,77,527,4,17,15
RP Kevin Sol,0,0,.NaN,0,0,0,0,0,0,0.0,0.00,0,0,0,0,0,0
SP Michael Maurer,154,4,.026,4,0,0,4,64,1,286.0,1.89,60,73,549,20,19,15
RP David Castello,0,0,.NaN,0,0,0,0,0,0,0.0,0.00,0,0,0,0,0,0
SP Jeremy Lucas,185,16,.086,4,2,0,8,55,0,287.2,2.75,88,102,552,11,14,19
RP Justin Brabham,0,0,.NaN,0,0,0,0,0,0,0.0,0.00,0,0,0,0,0,0
SP Richard Rendon,103,0,.000,0,0,0,1,47,0,190.1,1.75,37,43,380,7,11,9
RP Clark Velasquez,0,0,.NaN,0,0,0,0,0,0,0.0,0.00,0,0,0,0,0,0
SP Anthony Kennard,65,10,.154,4,0,0,6,15,0,103.2,1.91,22,23,221,6,6,5
RP William Tapia,0,0,.NaN,0,0,0,0,0,0,0.0,0.00,0,0,0,0,0,0
1B Alan Barragan,0,0,.NaN,0,0,0,0,0,0
1B Paul Rozen,974,190,.195,66,6,4,98,274,5
2B Marcus Fox,0,0,.NaN,0,0,0,0,0,0
2B Larry Lewis,820,78,.095,26,2,0,41,348,2
3B Joseph Reeves,868,108,.124,40,6,0,61,276,0
SS Davis Cudd,0,0,.NaN,0,0,0,0,0,0
SS Joseph Barnett,868,30,.035,10,0,0,18,344,4
LF Terry Mckay,1102,192,.174,62,0,4,70,274,8
RF John Russell,992,196,.198,50,10,0,75,302,15
RF Rico Tran,0,0,.NaN,0,0,0,0,0,0
CF Robert Abad,0,0,.NaN,0,0,0,0,0,0
CF Hector Williamson,1002,206,.206,78,6,2,123,286,6
C Jesse Kieu,1031,206,.200,62,4,6,96,303,8
Spokane Cardinals's Player Name,At Bats,Hits,Batting Average,Doubles,Triples,Home Runs,RBI's,Strikeouts,Walks,Innings Pitched,ERA,Earned Runs Allowed,Runs Allowed,Strikeouts,Walks,Wins,Losses
SP Robert Oliver,181,20,.110,12,0,0,12,53,0,279.2,2.25,70,70,538,12,13,16
RP Andrew Kehler,0,0,.NaN,0,0,0,0,0,0,0.0,0.00,0,0,0,0,0,0
SP John Shapiro,164,6,.037,0,0,0,0,66,0,282.0,1.47,46,46,600,11,17,14
RP Jeffrey Ballan,0,0,.NaN,0,0,0,0,0,0,0.0,0.00,0,0,0,0,0,0
SP Kurt Wright,176,24,.136,10,0,0,12,58,1,307.0,1.58,54,55,606,8,18,13
RP Anthony Neikirk,0,0,.NaN,0,0,0,0,0,0,0.0,0.00,0,0,0,0,0,0
SP Michael Gainey,161,16,.099,8,0,0,8,57,2,287.2,1.28,41,44,523,7,19,13
RP Jon Bachicha,0,0,.NaN,0,0,0,0,0,0,0.0,0.00,0,0,0,0,0,0
SP Steven Ramos,119,6,.050,6,0,0,7,37,0,184.0,2.10,43,46,319,7,9,12
RP Robert Little,0,0,.NaN,0,0,0,0,0,0,0.0,0.00,0,0,0,0,0,0
SP Alexander Larsen,51,2,.039,0,0,0,0,25,0,98.0,1.74,19,19,193,6,3,6
RP Steven Mill,0,0,.NaN,0,0,0,0,0,0,0.0,0.00,0,0,0,0,0,0
1B David Reiger,1096,258,.235,56,6,8,77,298,4
2B John Montero,0,0,.NaN,0,0,0,0,0,0
2B James Thompson,0,0,.NaN,0,0,0,0,0,0
2B David James,1011,136,.135,62,4,0,82,291,4
3B Stephen Wilson,911,70,.077,34,2,0,36,313,10
SS James Hine,0,0,.NaN,0,0,0,0,0,0
SS David Robertson,945,146,.154,48,4,0,64,325,2
LF Jonathan Allison,0,0,.NaN,0,0,0,0,0,0
LF Lee Mueller,979,80,.082,30,0,0,34,349,3
RF Clarence Belsito,1027,186,.181,70,6,4,96,313,15
CF Winston Pollak,1079,92,.085,40,2,0,39,345,5
C Danny Crooms,0,0,.NaN,0,0,0,0,0,0
C Roger Guadagno,895,80,.089,42,4,0,54,309,2
Illinois Bearcats's Player Name,At Bats,Hits,Batting Average,Doubles,Triples,Home Runs,RBI's,Strikeouts,Walks,Innings Pitched,ERA,Earned Runs Allowed,Runs Allowed,Strikeouts,Walks,Wins,Losses
SP Harold Palmer,188,26,.138,10,2,0,16,66,1,297.1,1.88,62,71,583,16,11,22
RP Bruce Zhong,0,0,.NaN,0,0,0,0,0,0,0.0,0.00,0,0,0,0,0,0
SP Claude Fritz,214,26,.121,6,0,0,7,72,3,337.1,1.47,55,58,692,11,13,18
RP Larry Short,0,0,.NaN,0,0,0,0,0,0,0.0,0.00,0,0,0,0,0,0
SP Jose Petersen,156,0,.000,0,0,0,1,82,1,275.0,1.31,40,43,587,16,15,15
RP Robert Sutton,0,0,.NaN,0,0,0,0,0,0,0.0,0.00,0,0,0,0,0,0
SP James Lefler,184,28,.152,10,0,0,12,68,1,287.1,1.60,51,55,561,15,20,11
RP Ronald Willhite,0,0,.NaN,0,0,0,0,0,0,0.0,0.00,0,0,0,0,0,0
SP Elwood Romero,159,16,.101,10,0,0,10,59,1,253.2,1.81,51,52,477,13,15,13
RP Juan Baca,0,0,.NaN,0,0,0,0,0,0,0.0,0.00,0,0,0,0,0,0
SP Lawrence Ayala,26,2,.077,2,0,0,2,8,0,36.0,2.00,8,8,62,2,2,2
RP Anthony Walker,0,0,.NaN,0,0,0,0,0,0,0.0,0.00,0,0,0,0,0,0
1B Nelson Rhodes,1124,202,.180,72,4,0,107,328,16
2B Mark Holbrook,0,0,.NaN,0,0,0,0,0,0
2B Mark Peat,0,0,.NaN,0,0,0,0,0,0
2B Gregg Barron,989,42,.042,16,0,0,22,323,1
3B Vincent Younger,0,0,.NaN,0,0,0,0,0,0
3B Richard Guardado,1068,130,.122,56,4,0,92,372,9
SS John Williams,1063,80,.075,28,0,0,40,353,8
LF Lewis Ploss,0,0,.NaN,0,0,0,0,0,0
LF Daniel Fox,1044,78,.075,28,8,0,58,344,8
RF Joe Blackford,1153,164,.142,58,4,0,76,345,20
CF Brian Hernandez,0,0,.NaN,0,0,0,0,0,0
CF Eric Paulk,1239,132,.107,70,6,0,86,313,11
C Benjamin Slaughter,1027,72,.070,22,2,0,33,329,1
Georgia Spartans's Player Name,At Bats,Hits,Batting Average,Doubles,Triples,Home Runs,RBI's,Strikeouts,Walks,Innings Pitched,ERA,Earned Runs Allowed,Runs Allowed,Strikeouts,Walks,Wins,Losses
SP Kyle Buckles,162,2,.012,2,0,0,2,74,0,294.0,1.44,47,48,579,9,16,13
RP Zachary Dunfee,0,0,.NaN,0,0,0,0,0,0,0.0,0.00,0,0,0,0,0,0
SP Jeffrey Copeland,173,12,.069,8,0,0,6,49,1,289.1,1.71,55,63,566,12,18,15
RP Robert Moser,0,0,.NaN,0,0,0,0,0,0,0.0,0.00,0,0,0,0,0,0
SP Michael Farr,170,32,.188,18,0,0,16,56,1,275.0,2.42,74,88,530,12,10,23
RP Norman Paek,0,0,.NaN,0,0,0,0,0,0,0.0,0.00,0,0,0,0,0,0
SP Matthew Orozco,192,8,.042,4,2,0,10,60,0,297.0,1.76,58,65,592,14,14,20
RP Jerry Christopher,0,0,.NaN,0,0,0,0,0,0,0.0,0.00,0,0,0,0,0,0
SP Steve Bowman,85,2,.024,2,0,0,2,51,0,178.1,1.82,36,48,348,6,8,11
RP Eric Ramirez,0,0,.NaN,0,0,0,0,0,0,0.0,0.00,0,0,0,0,0,0
SP Trent Mays,58,0,.000,0,0,0,0,24,0,97.0,2.23,24,29,189,3,6,5
RP Charles Woodard,0,0,.NaN,0,0,0,0,0,0,0.0,0.00,0,0,0,0,0,0
1B Daniel Norwood,1002,162,.162,58,10,2,104,310,7
2B Richard Alvarado,990,210,.212,92,6,0,129,288,9
3B Dennis Moses,1032,198,.192,66,6,2,89,292,12
SS Julio Coston,0,0,.NaN,0,0,0,0,0,0
SS Gary Kirkland,916,58,.063,26,2,0,36,300,2
LF Harland Rempfer,1111,246,.221,84,0,0,84,301,4
RF Brad Clark,1018,186,.183,68,6,0,74,308,28
RF Bruce Shaw,0,0,.NaN,0,0,0,0,0,0
CF Felix Wright,0,0,.NaN,0,0,0,0,0,0
CF William Hartsfield,912,62,.068,24,2,0,33,328,4
CF John Whittinghill,0,0,.NaN,0,0,0,0,0,0
C Terry Robinson,0,0,.NaN,0,0,0,0,0,0
C Erwin Damron,859,74,.086,18,6,0,31,319,6
Washington Panthers's Player Name,At Bats,Hits,Batting Average,Doubles,Triples,Home Runs,RBI's,Strikeouts,Walks,Innings Pitched,ERA,Earned Runs Allowed,Runs Allowed,Strikeouts,Walks,Wins,Losses
SP Barry Dyer,171,6,.035,2,0,0,3,63,0,285.0,2.24,71,85,551,8,16,15
RP Daniel Mcclain,0,0,.NaN,0,0,0,0,0,0,0.0,0.00,0,0,0,0,0,0
SP David Doiron,198,30,.152,8,0,0,6,58,2,310.1,1.77,61,67,636,25,12,19
RP James Bearor,0,0,.NaN,0,0,0,0,0,0,0.0,0.00,0,0,0,0,0,0
SP Charles Ritenour,169,6,.036,4,0,0,5,83,0,294.2,2.41,79,83,595,8,15,15
RP Shane Hughes,0,0,.NaN,0,0,0,0,0,0,0.0,0.00,0,0,0,0,0,0
SP Willie Webb,154,2,.013,0,0,0,0,76,0,283.0,1.46,46,54,517,7,17,13
RP Fredric Woodbury,0,0,.NaN,0,0,0,0,0,0,0.0,0.00,0,0,0,0,0,0
SP Theron Schratz,151,0,.000,0,0,0,1,53,0,225.0,2.36,59,70,420,12,11,14
RP Glenn Lewis,0,0,.NaN,0,0,0,0,0,0,0.0,0.00,0,0,0,0,0,0
SP Paul Phillips,48,6,.125,2,0,0,0,14,0,76.1,1.41,12,15,147,4,5,4
RP John Satterfield,0,0,.NaN,0,0,0,0,0,0,0.0,0.00,0,0,0,0,0,0
1B Daniel Madden,1143,236,.206,82,4,6,105,267,18
2B Jason Barahona,0,0,.NaN,0,0,0,0,0,0
2B Michael Mcminn,0,0,.NaN,0,0,0,0,0,0
2B Michael Woods,1040,126,.121,74,10,2,107,324,23
3B Billy Wooten,0,0,.NaN,0,0,0,0,0,0
3B David Neaveill,883,14,.016,2,0,0,6,401,0
SS Ronald Curameng,973,48,.049,24,2,0,38,363,3
LF Jose Neely,1115,222,.199,92,0,10,90,321,19
RF Charles Kimbrough,1059,196,.185,86,6,0,138,285,11
CF Damon Stromquist,0,0,.NaN,0,0,0,0,0,0
CF Evan Burleson,1098,64,.058,26,2,0,32,408,2
C Anthony Castro,0,0,.NaN,0,0,0,0,0,0
C Boris Hicks,980,52,.053,34,4,0,54,328,1
California Lakers's Player Name,At Bats,Hits,Batting Average,Doubles,Triples,Home Runs,RBI's,Strikeouts,Walks,Innings Pitched,ERA,Earned Runs Allowed,Runs Allowed,Strikeouts,Walks,Wins,Losses
SP Kasey Freeman,162,2,.012,2,0,0,2,74,0,298.0,1.81,60,69,595,11,12,18
RP Raymond Hofmann,0,0,.NaN,0,0,0,0,0,0,0.0,0.00,0,0,0,0,0,0
SP Marcus Thomason,167,14,.084,10,0,0,8,57,0,277.0,2.44,75,88,516,12,13,19
RP John Knopf,0,0,.NaN,0,0,0,0,0,0,0.0,0.00,0,0,0,0,0,0
SP Robert Lakey,194,6,.031,4,0,0,2,72,0,316.2,1.71,60,64,609,18,16,16
RP Glenn Roth,0,0,.NaN,0,0,0,0,0,0,0.0,0.00,0,0,0,0,0,0
SP Luke Pizzo,183,4,.022,2,0,0,2,61,0,306.2,1.73,59,67,579,20,16,16
RP Alan Mcginley,0,0,.NaN,0,0,0,0,0,0,0.0,0.00,0,0,0,0,0,0
SP Elden Ronning,109,0,.000,0,0,0,0,57,0,203.2,2.78,63,68,400,12,12,12
RP Bernard Wendell,0,0,.NaN,0,0,0,0,0,0,0.0,0.00,0,0,0,0,0,0
SP Richard Pillow,39,0,.000,0,0,0,0,21,0,69.0,1.83,14,15,119,7,3,6
RP Ward Wainwright,0,0,.NaN,0,0,0,0,0,0,0.0,0.00,0,0,0,0,0,0
1B Eric Kellett,1141,220,.193,68,2,2,67,293,9
2B James Rochester,1111,222,.200,78,8,16,150,261,2
3B Eduardo Claussen,0,0,.NaN,0,0,0,0,0,0
3B Freddy Medina,878,38,.043,16,2,0,21,336,7
SS Antonio Wnek,949,90,.095,38,2,0,52,349,0
LF Jeff Mourning,0,0,.NaN,0,0,0,0,0,0
LF Louis Contreras,1139,132,.116,42,0,0,48,343,3
RF Thomas Cass,1147,210,.183,66,6,0,84,251,10
RF Kevin Cuevas,0,0,.NaN,0,0,0,0,0,0
RF Christopher Gilkey,0,0,.NaN,0,0,0,0,0,0
CF Mitchell Lewis,992,130,.131,46,4,4,79,326,11
C Jacob Yeh,0,0,.NaN,0,0,0,0,0,0
C Joseph Valladares,912,74,.081,40,0,0,41,350,3
Oregon Lions's Player Name,At Bats,Hits,Batting Average,Doubles,Triples,Home Runs,RBI's,Strikeouts,Walks,Innings Pitched,ERA,Earned Runs Allowed,Runs Allowed,Strikeouts,Walks,Wins,Losses
SP Byron Argentine,176,10,.057,4,0,0,4,86,0,304.1,1.60,54,62,582,17,17,17
RP Steven Chin,0,0,.NaN,0,0,0,0,0,0,0.0,0.00,0,0,0,0,0,0
SP Ernest Lamarr,204,8,.039,6,0,0,6,82,0,332.2,1.41,52,56,603,12,16,15
RP Johnny London,0,0,.NaN,0,0,0,0,0,0,0.0,0.00,0,0,0,0,0,0
SP Israel Dennis,189,20,.106,8,0,0,8,63,0,289.1,1.99,64,69,591,13,15,17
RP Paul Schweizer,0,0,.NaN,0,0,0,0,0,0,0.0,0.00,0,0,0,0,0,0
SP James Christianson,181,14,.077,4,0,0,4,63,0,288.0,1.84,59,62,541,17,17,17
RP Rigoberto Newlin,0,0,.NaN,0,0,0,0,0,0,0.0,0.00,0,0,0,0,0,0
SP Alan Hiles,140,12,.086,8,0,0,6,40,3,217.0,2.03,49,50,427,5,8,14
RP Robert Trotter,0,0,.NaN,0,0,0,0,0,0,0.0,0.00,0,0,0,0,0,0
SP Edward Clark,59,14,.237,4,0,0,4,11,0,86.0,1.99,19,20,188,5,5,4
RP Tommie White,0,0,.NaN,0,0,0,0,0,0,0.0,0.00,0,0,0,0,0,0
1B Cory Short,0,0,.NaN,0,0,0,0,0,0
1B Bob Tucker,1161,142,.122,66,2,0,76,403,3
2B Guy Zylla,0,0,.NaN,0,0,0,0,0,0
2B Dennis Mendez,0,0,.NaN,0,0,0,0,0,0
2B Samuel Delay,1073,120,.112,52,6,0,72,369,2
3B Jeremy Anderson,986,78,.079,30,0,0,32,344,2
SS Lewis Moore,983,56,.057,20,6,0,35,379,4
LF Chester Smith,1087,130,.120,56,4,0,70,319,2
RF Robert Besanceney,1208,312,.258,80,0,28,114,246,31
CF Gregory Lawrence,0,0,.NaN,0,0,0,0,0,0
CF William Adomaitis,0,0,.NaN,0,0,0,0,0,0
CF William Gayle,1095,88,.080,32,4,0,51,363,4
C Cesar Speer,1115,42,.038,18,4,0,33,385,1
San Diego Rebels's Player Name,At Bats,Hits,Batting Average,Doubles,Triples,Home Runs,RBI's,Strikeouts,Walks,Innings Pitched,ERA,Earned Runs Allowed,Runs Allowed,Strikeouts,Walks,Wins,Losses
SP William Basinski,159,4,.025,0,0,0,0,67,0,272.2,1.29,39,42,564,12,15,16
RP Michael Nance,0,0,.NaN,0,0,0,0,0,0,0.0,0.00,0,0,0,0,0,0
SP Dion Stultz,171,6,.035,6,0,0,6,71,0,305.0,1.30,44,49,595,9,17,13
RP Markus Hollowell,0,0,.NaN,0,0,0,0,0,0,0.0,0.00,0,0,0,0,0,0
SP David Davis,161,2,.012,0,0,0,0,83,0,288.0,2.06,66,74,582,20,9,23
RP Wallace Lowry,0,0,.NaN,0,0,0,0,0,0,0.0,0.00,0,0,0,0,0,0
SP Joseph Vargas,173,8,.046,6,0,0,8,61,1,294.0,1.78,58,68,570,12,16,16
RP Matthew Newcomb,0,0,.NaN,0,0,0,0,0,0,0.0,0.00,0,0,0,0,0,0
SP James Winkler,133,0,.000,0,0,0,1,57,0,226.2,1.79,45,47,478,14,11,14
RP Ahmed Khachikyan,0,0,.NaN,0,0,0,0,0,0,0.0,0.00,0,0,0,0,0,0
SP David Pulver,32,0,.000,0,0,0,0,18,0,60.0,2.10,14,18,121,5,3,5
RP Jeffrey Bowder,0,0,.NaN,0,0,0,0,0,0,0.0,0.00,0,0,0,0,0,0
1B Ronald Herrera,1046,140,.134,54,2,0,67,296,4
2B Richard Wrona,0,0,.NaN,0,0,0,0,0,0
2B Todd Saito,1072,68,.063,36,2,0,39,378,8
3B Robert Braun,0,0,.NaN,0,0,0,0,0,0
3B Robert Wise,995,136,.137,50,4,0,68,285,2
SS John Mcintosh,0,0,.NaN,0,0,0,0,0,0
SS Kevin Gore,930,68,.073,34,0,2,40,322,2
LF Robert Heimann,1067,172,.161,78,2,10,95,283,11
RF Joshua Perez,1074,158,.147,76,2,0,79,330,13
RF Richard Lynch,0,0,.NaN,0,0,0,0,0,0
CF Andrew Todd,870,40,.046,22,0,0,18,314,16
C Arthur Jensen,0,0,.NaN,0,0,0,0,0,0
C Owen Stephenson,950,98,.103,32,0,0,43,364,4
Frisco Redskins's Player Name,At Bats,Hits,Batting Average,Doubles,Triples,Home Runs,RBI's,Strikeouts,Walks,Innings Pitched,ERA,Earned Runs Allowed,Runs Allowed,Strikeouts,Walks,Wins,Losses
SP Irving Davis,177,0,.000,0,0,0,0,61,0,273.1,2.27,69,81,514,13,13,19
RP Jimmie Held,0,0,.NaN,0,0,0,0,0,0,0.0,0.00,0,0,0,0,0,0
SP Gregory Clifton,175,6,.034,2,0,0,0,77,0,298.0,1.99,66,77,550,15,16,16
RP Eric Rocco,0,0,.NaN,0,0,0,0,0,0,0.0,0.00,0,0,0,0,0,0
SP Robert Weaver,195,14,.072,4,2,0,10,83,0,340.2,1.14,43,49,688,15,18,14
RP Cesar Segur,0,0,.NaN,0,0,0,0,0,0,0.0,0.00,0,0,0,0,0,0
SP David Vasquez,189,18,.095,8,0,0,10,69,0,301.2,1.97,66,80,584,17,8,23
RP Richard Mills,0,0,.NaN,0,0,0,0,0,0,0.0,0.00,0,0,0,0,0,0
SP Brady Blakney,125,12,.096,6,2,0,6,43,0,195.1,2.40,52,54,385,12,8,12
RP Joshua Thompson,0,0,.NaN,0,0,0,0,0,0,0.0,0.00,0,0,0,0,0,0
SP Homer Cecconi,72,6,.083,4,0,0,6,26,0,113.2,1.27,16,17,218,5,5,6
RP William Grove,0,0,.NaN,0,0,0,0,0,0,0.0,0.00,0,0,0,0,0,0
1B Roscoe Hodgens,1094,166,.152,68,2,4,93,356,12
2B Robert Vorpahl,0,0,.NaN,0,0,0,0,0,0
2B James Mccauley,0,0,.NaN,0,0,0,0,0,0
2B Robert Thompson,1016,80,.079,30,4,0,52,344,8
3B Robert Larson,0,0,.NaN,0,0,0,0,0,0
3B Lonnie Williams,936,18,.019,2,4,0,10,380,0
SS Bruce Seals,1059,146,.138,58,4,2,76,355,21
LF Sebastian Goedken,1171,178,.152,68,0,0,68,375,13
RF Bobby Taylor,1170,246,.210,106,2,4,112,302,23
CF Douglas Zehr,0,0,.NaN,0,0,0,0,0,0
CF Earl Roseboro,1055,152,.144,54,12,0,88,315,26
C Ralph Burch,0,0,.NaN,0,0,0,0,0,0
C Sean Davis,976,50,.051,8,2,0,21,364,1
Texas Lancers's Player Name,At Bats,Hits,Batting Average,Doubles,Triples,Home Runs,RBI's,Strikeouts,Walks,Innings Pitched,ERA,Earned Runs Allowed,Runs Allowed,Strikeouts,Walks,Wins,Losses
SP Walter Weatherill,187,24,.128,6,0,0,4,57,0,283.2,2.06,65,73,574,11,11,22
RP Doyle Brown,0,0,.NaN,0,0,0,0,0,0,0.0,0.00,0,0,0,0,0,0
SP Pasquale Ray,169,22,.130,8,0,0,8,73,0,286.0,1.76,56,65,518,11,14,17
RP Carl Cook,0,0,.NaN,0,0,0,0,0,0,0.0,0.00,0,0,0,0,0,0
SP Cleveland Schwietert,154,8,.052,2,2,0,4,74,0,277.2,1.36,42,46,539,10,13,17
RP Michael Griffith,0,0,.NaN,0,0,0,0,0,0,0.0,0.00,0,0,0,0,0,0
SP John Bell,167,0,.000,0,0,0,0,75,1,293.0,2.03,66,72,567,16,13,21
RP Gene Snyder,0,0,.NaN,0,0,0,0,0,0,0.0,0.00,0,0,0,0,0,0
SP Robert Casey,157,6,.038,2,0,0,2,59,2,241.0,1.31,35,37,466,6,11,11
RP Jaime Mcneal,0,0,.NaN,0,0,0,0,0,0,0.0,0.00,0,0,0,0,0,0
SP James Orange,55,0,.000,0,0,0,0,17,0,85.2,1.68,16,16,158,0,3,6
RP Fritz Isbell,0,0,.NaN,0,0,0,0,0,0,0.0,0.00,0,0,0,0,0,0
1B Gonzalo Schultz,1096,194,.177,84,4,4,110,308,7
2B Harold Lester,0,0,.NaN,0,0,0,0,0,0
2B Nicholas Bumsted,1021,86,.084,48,4,0,63,329,4
3B Thomas Daniels,1010,72,.071,24,4,0,31,294,9
SS Thomas Etheridge,0,0,.NaN,0,0,0,0,0,0
SS Harry Cooley,0,0,.NaN,0,0,0,0,0,0
SS William Smith,1058,64,.060,28,0,0,35,336,6
LF Sidney Carle,1141,222,.195,70,10,10,102,303,19
RF Daniel Howick,1118,158,.141,68,8,0,86,314,9
CF Benjamin Branin,0,0,.NaN,0,0,0,0,0,0
CF Grover Solivan,1180,108,.092,40,0,0,43,346,0
C Charles Moreno,0,0,.NaN,0,0,0,0,0,0
C Brian Bano,943,42,.045,6,0,0,7,353,0
Virginia Hawks's Player Name,At Bats,Hits,Batting Average,Doubles,Triples,Home Runs,RBI's,Strikeouts,Walks,Innings Pitched,ERA,Earned Runs Allowed,Runs Allowed,Strikeouts,Walks,Wins,Losses
SP Vincent Clark,171,4,.023,2,0,0,2,65,0,287.2,1.78,57,61,563,17,13,15
RP David Denny,0,0,.NaN,0,0,0,0,0,0,0.0,0.00,0,0,0,0,0,0
SP John Nixon,168,0,.000,0,0,0,0,78,0,302.1,2.20,74,86,589,12,10,23
RP Carlos Patino,0,0,.NaN,0,0,0,0,0,0,0.0,0.00,0,0,0,0,0,0
SP Ronald Holden,178,4,.022,2,0,0,2,72,0,299.0,1.90,63,75,612,15,14,18
RP Theodore Hafner,0,0,.NaN,0,0,0,0,0,0,0.0,0.00,0,0,0,0,0,0
SP Jesus Walker,166,10,.060,8,0,0,6,50,0,273.0,2.34,71,76,547,8,13,18
RP George Frankel,0,0,.NaN,0,0,0,0,0,0,0.0,0.00,0,0,0,0,0,0
SP Walter Hodge,146,20,.137,12,0,0,8,46,0,237.0,1.82,48,51,460,6,14,11
RP Adam Grover,0,0,.NaN,0,0,0,0,0,0,0.0,0.00,0,0,0,0,0,0
SP William Sullivan,35,0,.000,0,0,0,0,17,0,60.0,3.45,23,23,112,5,3,4
RP Rex Aucoin,0,0,.NaN,0,0,0,0,0,0,0.0,0.00,0,0,0,0,0,0
1B Patrick Warren,1109,148,.133,46,0,6,65,291,19
2B Robert Boucher,0,0,.NaN,0,0,0,0,0,0
2B Marvin Beamon,0,0,.NaN,0,0,0,0,0,0
2B Domingo Medeiros,1090,132,.121,78,0,0,76,372,5
3B Jesse Perry,0,0,.NaN,0,0,0,0,0,0
3B Nicholas Eckerle,926,106,.114,52,4,0,75,360,4
SS Jason Hendrix,937,42,.045,16,2,0,36,309,4
LF Edwardo Brown,1103,238,.216,88,6,2,105,293,6
RF William Northrop,1031,190,.184,66,14,0,112,315,8
CF John Plemmons,0,0,.NaN,0,0,0,0,0,0
CF Roger Dunlap,942,128,.136,44,6,0,69,350,14
C Frank Abele,0,0,.NaN,0,0,0,0,0,0
C Daniel Ledesma,874,48,.055,12,0,0,16,350,1
