Florida Cardinals's Player Name,At Bats,Hits,Batting Average,Doubles,Triples,Home Runs,RBI's,Strikeouts,Walks,Innings Pitched,ERA,Earned Runs Allowed,Runs Allowed,Strikeouts,Walks
Carl Pesicka,189,4,.021,2,0,0,3,49,0,279.0,4.61,143,155,410,29
Jeffrey Paddock,0,0,.NaN,0,0,0,0,0,0,0.0,0.00,0,0,0,0
Antonio Bates,177,22,.124,8,8,0,28,43,0,277.0,3.25,100,106,366,20
Parker Benoit,0,0,.NaN,0,0,0,0,0,0,0.0,0.00,0,0,0,0
John Rowley,167,6,.036,2,0,0,4,69,0,274.0,4.47,136,153,342,25
Paul Newhall,0,0,.NaN,0,0,0,0,0,0,0.0,0.00,0,0,0,0
Ronald Parker,179,6,.034,4,0,0,6,49,1,269.0,4.22,126,139,335,15
Thomas Long,0,0,.NaN,0,0,0,0,0,0,0.0,0.00,0,0,0,0
Thomas Dejong,167,0,.000,0,0,0,1,49,0,261.0,3.03,88,95,334,25
Michael Lodge,0,0,.NaN,0,0,0,0,0,0,0.0,0.00,0,0,0,0
Richard Shoemaker,24,4,.167,2,0,0,4,4,0,32.0,2.25,8,8,47,2
Kevin Gibson,0,0,.NaN,0,0,0,0,0,0,0.0,0.00,0,0,0,0
William Fluckiger,1206,340,.282,114,6,34,198,146,27
Albert Jeka,0,0,.NaN,0,0,0,0,0,0
Dong Ramirez,1176,336,.286,82,14,28,192,116,17
Chang Woodward,0,0,.NaN,0,0,0,0,0,0
Ray Allen,986,244,.247,88,18,8,198,182,10
William Bollen,1239,248,.200,104,4,6,143,193,3
Douglas Varley,0,0,.NaN,0,0,0,0,0,0
Jose Black,1072,250,.233,94,12,18,195,152,27
Robert Salliotte,1056,246,.233,76,14,20,218,156,17
Micheal Ose,0,0,.NaN,0,0,0,0,0,0
Gerald Gage,1164,340,.292,94,8,44,215,132,30
Steve Nelson,0,0,.NaN,0,0,0,0,0,0
Robert Barber,1021,236,.231,92,16,10,201,163,16
Fort Lauderdale Eagles's Player Name,At Bats,Hits,Batting Average,Doubles,Triples,Home Runs,RBI's,Strikeouts,Walks,Innings Pitched,ERA,Earned Runs Allowed,Runs Allowed,Strikeouts,Walks
Jeffrey Benjamin,183,24,.131,12,0,0,15,45,1,273.0,4.29,130,135,317,23
Lance Anzalone,0,0,.NaN,0,0,0,0,0,0,0.0,0.00,0,0,0,0
Reggie Hofmann,177,32,.181,16,0,0,18,61,0,290.0,5.09,164,173,351,23
John Moyd,0,0,.NaN,0,0,0,0,0,0,0.0,0.00,0,0,0,0
George Sanchez,170,2,.012,0,0,0,1,58,0,279.2,3.89,121,128,371,25
Darrel Jones,0,0,.NaN,0,0,0,0,0,0,0.0,0.00,0,0,0,0
Mark Sotelo,194,6,.031,2,0,0,4,54,0,297.1,3.63,120,130,398,20
Adam Devor,0,0,.NaN,0,0,0,0,0,0,0.0,0.00,0,0,0,0
Daniel Mitzel,129,0,.000,0,0,0,0,33,0,200.0,3.82,85,95,224,25
Gilberto Kauffman,0,0,.NaN,0,0,0,0,0,0,0.0,0.00,0,0,0,0
Justin Craft,48,0,.000,0,0,0,0,12,0,77.0,2.92,25,26,99,11
Enrique Sykes,0,0,.NaN,0,0,0,0,0,0,0.0,0.00,0,0,0,0
Bruce Spradlin,1193,338,.283,112,12,34,215,171,18
Keven Hung,1150,374,.325,90,10,56,248,132,18
Daryl Manning,0,0,.NaN,0,0,0,0,0,0
Jefferson Ring,1054,228,.216,78,12,0,150,196,7
Leo Kress,0,0,.NaN,0,0,0,0,0,0
Donn Moura,1040,198,.190,82,16,0,179,182,8
Jerry Basquez,1167,332,.284,112,8,60,248,167,18
William Thompson,0,0,.NaN,0,0,0,0,0,0
Daniel Griffis,1130,316,.280,92,16,24,210,156,12
Ralph Wiesenfeld,0,0,.NaN,0,0,0,0,0,0
Jackie Garrison,1231,286,.232,110,6,12,169,191,10
Frank Pool,0,0,.NaN,0,0,0,0,0,0
Jeremy Brown,961,162,.169,70,10,4,121,209,4
California Wildcats's Player Name,At Bats,Hits,Batting Average,Doubles,Triples,Home Runs,RBI's,Strikeouts,Walks,Innings Pitched,ERA,Earned Runs Allowed,Runs Allowed,Strikeouts,Walks
William Henderson,189,8,.042,2,0,0,0,53,0,284.1,4.11,130,142,373,25
Walter Mackey,0,0,.NaN,0,0,0,0,0,0,0.0,0.00,0,0,0,0
William Webster,179,2,.011,2,0,0,5,57,0,281.1,4.38,137,157,359,32
Phillip Smallwood,0,0,.NaN,0,0,0,0,0,0,0.0,0.00,0,0,0,0
Jeffrey Walls,173,0,.000,0,0,0,3,57,1,283.1,2.83,89,102,385,30
Robert Martinez,0,0,.NaN,0,0,0,0,0,0,0.0,0.00,0,0,0,0
Christoper Cook,167,32,.192,18,0,0,17,51,0,273.0,4.38,133,143,335,24
Timothy Levine,0,0,.NaN,0,0,0,0,0,0,0.0,0.00,0,0,0,0
Frankie Granillo,123,8,.065,2,0,0,2,43,0,197.1,4.61,101,110,230,24
Joshua Bartlett,0,0,.NaN,0,0,0,0,0,0,0.0,0.00,0,0,0,0
Everett Catlin,46,4,.087,2,0,0,2,14,0,71.0,3.68,29,31,94,7
Floyd Villalon,0,0,.NaN,0,0,0,0,0,0,0.0,0.00,0,0,0,0
Steven Newport,1049,298,.284,72,16,44,200,163,19
Robert Duncan,0,0,.NaN,0,0,0,0,0,0
Carl Morales,1195,238,.199,96,0,10,145,225,3
Daniel Johnson,1111,322,.290,88,6,24,201,143,27
Peter Orozco,0,0,.NaN,0,0,0,0,0,0
Jose Detloff,995,192,.193,74,12,2,149,191,13
Stephen Morton,0,0,.NaN,0,0,0,0,0,0
Terry Briggs,1152,352,.306,94,12,32,197,136,25
Mark Addai,1201,390,.325,106,12,32,213,121,32
Eric Stretch,1092,310,.284,70,10,12,167,144,20
Daniel Osburn,0,0,.NaN,0,0,0,0,0,0
Lewis Beld,980,174,.178,58,16,6,141,192,9
Wisconsin Colts's Player Name,At Bats,Hits,Batting Average,Doubles,Triples,Home Runs,RBI's,Strikeouts,Walks,Innings Pitched,ERA,Earned Runs Allowed,Runs Allowed,Strikeouts,Walks
Chadwick Sawyers,168,34,.202,14,0,0,22,42,1,282.0,3.35,105,114,335,33
Tony Cook,0,0,.NaN,0,0,0,0,0,0,0.0,0.00,0,0,0,0
Ernesto Harbison,186,14,.075,6,0,0,7,62,0,300.2,3.62,121,125,371,24
Kenny Arnold,0,0,.NaN,0,0,0,0,0,0,0.0,0.00,0,0,0,0
Monroe Nosie,178,8,.045,4,0,0,3,64,0,284.0,4.56,144,148,375,19
Joel Chino,0,0,.NaN,0,0,0,0,0,0,0.0,0.00,0,0,0,0
Kenneth Jamison,183,14,.077,4,0,0,5,47,2,272.0,3.90,118,121,364,13
Daniel Doull,0,0,.NaN,0,0,0,0,0,0,0.0,0.00,0,0,0,0
Armando Costanza,129,10,.078,6,0,0,6,31,0,202.2,3.29,74,81,219,13
Daniel Rahman,0,0,.NaN,0,0,0,0,0,0,0.0,0.00,0,0,0,0
Scott Lista,50,2,.040,0,0,0,0,14,0,79.0,3.19,28,28,89,5
Greg Kemer,0,0,.NaN,0,0,0,0,0,0,0.0,0.00,0,0,0,0
Matthew Morris,1184,344,.291,96,10,52,199,144,37
Richard Mccants,1112,332,.299,88,10,84,262,156,21
Mark Sawyer,0,0,.NaN,0,0,0,0,0,0
Ray Lawrence,1025,208,.203,52,6,2,92,225,13
Clyde Joniak,0,0,.NaN,0,0,0,0,0,0
George Nagaraj,978,174,.178,54,2,0,99,204,5
Larry Pettus,0,0,.NaN,0,0,0,0,0,0
Blaine Brannon,0,0,.NaN,0,0,0,0,0,0
Alberto Cloud,1027,210,.204,72,10,0,118,197,8
Darnell Dominick,1161,330,.284,108,10,52,231,135,27
Evan Suzuki,1116,186,.167,72,2,2,83,294,19
Ernest Chandler,0,0,.NaN,0,0,0,0,0,0
Charles Johnson,1061,218,.205,74,6,4,126,223,7
Tennessee Buffaloes's Player Name,At Bats,Hits,Batting Average,Doubles,Triples,Home Runs,RBI's,Strikeouts,Walks,Innings Pitched,ERA,Earned Runs Allowed,Runs Allowed,Strikeouts,Walks
Joan Lowe,164,4,.024,4,0,0,5,58,0,272.2,4.06,123,129,310,30
Richard Krantz,0,0,.NaN,0,0,0,0,0,0,0.0,0.00,0,0,0,0
George Piscitelli,174,24,.138,12,2,0,20,46,0,284.0,2.95,93,99,368,20
Edgar Wilson,0,0,.NaN,0,0,0,0,0,0,0.0,0.00,0,0,0,0
Richard Keating,175,4,.023,2,0,0,2,53,0,276.1,4.95,152,158,320,29
Lynwood Orr,0,0,.NaN,0,0,0,0,0,0,0.0,0.00,0,0,0,0
Randall Copeland,190,8,.042,0,0,0,2,54,0,280.2,3.69,115,119,353,15
John Cavnar,0,0,.NaN,0,0,0,0,0,0,0.0,0.00,0,0,0,0
Michael Ball,116,6,.052,2,2,0,6,40,0,192.0,3.38,72,80,226,18
Eli Kennedy,0,0,.NaN,0,0,0,0,0,0,0.0,0.00,0,0,0,0
Gerald Gaddy,62,0,.000,0,0,0,0,18,0,96.0,4.97,53,64,118,12
Sandy Sellars,0,0,.NaN,0,0,0,0,0,0,0.0,0.00,0,0,0,0
Frank Fuqua,1221,322,.264,84,8,22,146,141,15
Kenneth Fugate,0,0,.NaN,0,0,0,0,0,0
William Lum,993,256,.258,94,4,4,130,177,10
Damien Rippentrop,0,0,.NaN,0,0,0,0,0,0
James Judkins,1034,226,.219,72,16,0,166,232,6
Gordon Kallie,1088,332,.305,100,12,36,230,158,34
Charles Koons,1137,338,.297,112,16,26,226,145,30
Malcolm Dickey,1213,350,.289,110,4,54,194,157,27
Lawrence Beck,0,0,.NaN,0,0,0,0,0,0
Roberto Currier,1075,210,.195,82,14,2,142,171,6
William Perea,0,0,.NaN,0,0,0,0,0,0
George Bernal,0,0,.NaN,0,0,0,0,0,0
Carlos Pruitt,969,184,.190,72,10,2,119,217,24
Tampa Bombers's Player Name,At Bats,Hits,Batting Average,Doubles,Triples,Home Runs,RBI's,Strikeouts,Walks,Innings Pitched,ERA,Earned Runs Allowed,Runs Allowed,Strikeouts,Walks
Richard Raboin,159,4,.025,2,0,0,3,69,0,282.0,3.45,108,114,365,20
James Wilson,0,0,.NaN,0,0,0,0,0,0,0.0,0.00,0,0,0,0
Cory Kaufman,185,8,.043,0,0,0,2,57,0,273.0,3.69,112,124,309,29
Patrick Willard,0,0,.NaN,0,0,0,0,0,0,0.0,0.00,0,0,0,0
Gilbert Jimenez,181,20,.110,6,4,0,10,39,1,266.0,2.88,85,89,336,18
Lloyd Bard,0,0,.NaN,0,0,0,0,0,0,0.0,0.00,0,0,0,0
Federico Lamers,186,8,.043,4,0,0,6,52,0,283.0,3.94,124,127,354,18
Joseph Benton,0,0,.NaN,0,0,0,0,0,0,0.0,0.00,0,0,0,0
David Carroll,138,2,.014,2,0,0,2,38,0,218.0,3.51,85,89,278,22
John Burton,0,0,.NaN,0,0,0,0,0,0,0.0,0.00,0,0,0,0
Luther Raitano,45,0,.000,0,0,0,0,13,0,65.0,3.88,28,28,95,5
William Kummerer,0,0,.NaN,0,0,0,0,0,0,0.0,0.00,0,0,0,0
William Hernandez,1195,374,.313,98,18,36,225,129,23
Richard Bluestone,0,0,.NaN,0,0,0,0,0,0
Jeffrey Bertram,1113,312,.280,112,6,20,207,137,30
Gary Schwartzenberge,0,0,.NaN,0,0,0,0,0,0
Michael Dellabella,959,154,.161,56,10,0,113,239,0
Chance Tolbert,1123,234,.208,94,16,6,176,175,1
Joseph Zarate,0,0,.NaN,0,0,0,0,0,0
Charles Spillman,1039,254,.244,92,10,2,152,169,10
David Fulgencio,1205,330,.274,104,12,22,178,157,23
Garland Lenz,1143,216,.189,102,10,4,138,257,23
Theodore Coleman,0,0,.NaN,0,0,0,0,0,0
Jason Eike,1043,194,.186,60,14,2,127,211,9
Alan Orndoff,0,0,.NaN,0,0,0,0,0,0
Tennessee Trojans's Player Name,At Bats,Hits,Batting Average,Doubles,Triples,Home Runs,RBI's,Strikeouts,Walks,Innings Pitched,ERA,Earned Runs Allowed,Runs Allowed,Strikeouts,Walks
Randal Furgeson,178,32,.180,10,0,0,11,44,1,282.1,4.21,132,139,325,31
Charles Castaneda,0,0,.NaN,0,0,0,0,0,0,0.0,0.00,0,0,0,0
Lawrence Thomas,198,36,.182,16,2,0,24,48,0,296.1,3.58,118,123,362,16
Willie Fogel,0,0,.NaN,0,0,0,0,0,0,0.0,0.00,0,0,0,0
Mason Warwick,200,10,.050,0,0,0,2,40,0,284.0,3.80,120,133,331,28
Patrick Kreft,0,0,.NaN,0,0,0,0,0,0,0.0,0.00,0,0,0,0
James Serpa,175,24,.137,4,2,0,17,51,0,276.1,4.59,141,145,348,24
Jon Frazier,0,0,.NaN,0,0,0,0,0,0,0.0,0.00,0,0,0,0
George Smith,88,6,.068,2,0,0,3,26,0,148.2,3.51,58,62,196,13
Eugene Catching,0,0,.NaN,0,0,0,0,0,0,0.0,0.00,0,0,0,0
Ernie Lheureux,76,0,.000,0,0,0,0,20,0,125.0,2.66,37,41,152,9
Ronnie Slaughter,0,0,.NaN,0,0,0,0,0,0,0.0,0.00,0,0,0,0
Bryan Flow,1119,302,.270,104,14,36,218,175,30
Jose Gentry,0,0,.NaN,0,0,0,0,0,0
Rafael Wiley,1087,274,.252,66,4,34,171,185,21
William Brion,0,0,.NaN,0,0,0,0,0,0
James Henry,953,190,.199,50,10,0,100,253,8
Tom Hamilton,950,162,.171,64,8,2,106,188,16
Darryl Stewart,0,0,.NaN,0,0,0,0,0,0
Mohamed Juarez,1072,208,.194,100,4,2,137,202,7
John Mccormack,1201,378,.315,88,16,40,187,161,14
Brandon Rusin,1180,240,.203,110,8,0,154,230,7
Jacob Debenedetto,0,0,.NaN,0,0,0,0,0,0
Antonio Mayfield,0,0,.NaN,0,0,0,0,0,0
Carmine Graska,1084,214,.197,80,8,6,129,162,6
Virginia Beach Bulldogs's Player Name,At Bats,Hits,Batting Average,Doubles,Triples,Home Runs,RBI's,Strikeouts,Walks,Innings Pitched,ERA,Earned Runs Allowed,Runs Allowed,Strikeouts,Walks
Joseph Soto,192,40,.208,12,0,0,12,42,0,278.1,3.72,115,126,360,23
John Martinez,0,0,.NaN,0,0,0,0,0,0,0.0,0.00,0,0,0,0
Robert Clark,180,12,.067,8,0,0,10,42,0,267.0,3.74,111,120,323,20
Donald Allen,0,0,.NaN,0,0,0,0,0,0,0.0,0.00,0,0,0,0
Kenneth Maldonado,175,0,.000,0,0,0,0,61,0,277.2,4.89,151,159,331,26
James Tran,0,0,.NaN,0,0,0,0,0,0,0.0,0.00,0,0,0,0
Christopher Mora,183,0,.000,0,0,0,0,55,0,288.2,3.40,109,119,321,36
Michael Ealy,0,0,.NaN,0,0,0,0,0,0,0.0,0.00,0,0,0,0
Gaylord Jensen,154,14,.091,2,0,0,3,42,0,242.0,4.65,125,134,296,18
Jose Sandhu,0,0,.NaN,0,0,0,0,0,0,0.0,0.00,0,0,0,0
Albert Mays,31,0,.000,0,0,0,0,7,0,47.0,3.64,19,20,56,4
Robert Kearney,0,0,.NaN,0,0,0,0,0,0,0.0,0.00,0,0,0,0
David Vazquez,1091,258,.236,84,6,20,171,141,17
Brian Fiorello,0,0,.NaN,0,0,0,0,0,0
Arthur Hamel,1188,364,.306,106,8,44,203,102,38
Vincent Board,0,0,.NaN,0,0,0,0,0,0
Rolando Contreras,1020,222,.218,68,16,4,134,148,6
Juan Torres,1110,284,.256,72,6,34,152,166,27
Nicholas Davis,0,0,.NaN,0,0,0,0,0,0
Donald Stevenson,1035,220,.213,100,10,4,167,185,5
Willie Thomas,1152,342,.297,94,10,44,225,126,12
Mathew Tarbet,1205,298,.247,114,6,16,165,197,14
Bryan Morgan,0,0,.NaN,0,0,0,0,0,0
Kevin Miller,0,0,.NaN,0,0,0,0,0,0
Eugene Smith,1013,240,.237,76,12,6,124,169,7
Hillsboro Outlaws's Player Name,At Bats,Hits,Batting Average,Doubles,Triples,Home Runs,RBI's,Strikeouts,Walks,Innings Pitched,ERA,Earned Runs Allowed,Runs Allowed,Strikeouts,Walks
Michael Choy,164,26,.159,10,4,0,28,40,1,266.2,3.31,98,106,281,25
Jeffrey Toyoda,0,0,.NaN,0,0,0,0,0,0,0.0,0.00,0,0,0,0
Leonard Noone,197,70,.355,18,0,4,20,23,1,273.0,4.05,123,131,363,27
Adrian Rojas,0,0,.NaN,0,0,0,0,0,0,0.0,0.00,0,0,0,0
Allen Tinsley,193,8,.041,6,0,0,6,43,0,277.2,4.21,130,134,342,17
Robert Hall,0,0,.NaN,0,0,0,0,0,0,0.0,0.00,0,0,0,0
Michael Cano,184,2,.011,0,0,0,0,56,0,277.0,4.06,125,132,347,19
Alex Russell,0,0,.NaN,0,0,0,0,0,0,0.0,0.00,0,0,0,0
Ivan Creel,94,10,.106,0,2,0,6,24,0,148.0,3.59,59,60,191,7
Teddy Gray,0,0,.NaN,0,0,0,0,0,0,0.0,0.00,0,0,0,0
Carlos Nichols,85,14,.165,2,0,0,3,21,1,137.0,2.17,33,36,162,5
Douglas Gills,0,0,.NaN,0,0,0,0,0,0,0.0,0.00,0,0,0,0
Hobert Xie,1194,392,.328,118,14,66,273,124,15
Jan Veney,0,0,.NaN,0,0,0,0,0,0
Albert Waller,1036,246,.237,60,16,6,125,234,10
Joseph Smith,0,0,.NaN,0,0,0,0,0,0
John Odonnell,949,154,.162,58,4,0,85,213,2
William Hardin,1022,206,.202,50,14,2,105,204,1
Billy Brown,0,0,.NaN,0,0,0,0,0,0
Kelvin Mitas,975,220,.226,80,8,0,131,207,8
Fernando Cisneros,1206,310,.257,90,6,14,153,152,21
David Yates,1103,300,.272,98,14,22,189,157,22
John Kilborn,0,0,.NaN,0,0,0,0,0,0
Carl Foster,1036,196,.189,54,8,2,92,214,2
Anthony Cousins,0,0,.NaN,0,0,0,0,0,0
Louisiana Warriors's Player Name,At Bats,Hits,Batting Average,Doubles,Triples,Home Runs,RBI's,Strikeouts,Walks,Innings Pitched,ERA,Earned Runs Allowed,Runs Allowed,Strikeouts,Walks
Russell Lancaster,193,48,.249,16,2,4,33,23,2,281.0,3.52,110,114,361,20
Jackson Huggins,0,0,.NaN,0,0,0,0,0,0,0.0,0.00,0,0,0,0
Charles Snipes,166,0,.000,0,0,0,0,58,0,274.0,4.37,133,137,308,28
Joseph Holmes,0,0,.NaN,0,0,0,0,0,0,0.0,0.00,0,0,0,0
Owen Shaul,192,16,.083,6,0,0,9,44,0,279.0,4.29,133,140,351,18
Chad Johnson,0,0,.NaN,0,0,0,0,0,0,0.0,0.00,0,0,0,0
Thomas Condon,178,8,.045,4,0,0,5,50,0,276.0,4.40,135,162,320,26
Benjamin Lindemann,0,0,.NaN,0,0,0,0,0,0,0.0,0.00,0,0,0,0
Henry Watson,131,2,.015,0,0,0,0,47,0,212.0,3.86,91,92,258,20
Scott Lo,0,0,.NaN,0,0,0,0,0,0,0.0,0.00,0,0,0,0
Robert Brown,40,2,.050,2,0,0,2,10,0,71.0,4.18,33,33,79,7
Rudy Suggs,0,0,.NaN,0,0,0,0,0,0,0.0,0.00,0,0,0,0
Jeffrey Ferrell,1185,344,.290,84,12,56,225,119,22
Christopher Queen,1189,348,.293,96,14,42,214,157,18
Edward David,0,0,.NaN,0,0,0,0,0,0
James Ni,1005,196,.195,72,10,0,113,173,3
Richard Demmon,0,0,.NaN,0,0,0,0,0,0
James Cookingham,1082,268,.248,82,20,8,178,164,11
Jacob Aguila,1055,262,.248,86,18,2,172,205,5
Christopher Mcguire,0,0,.NaN,0,0,0,0,0,0
Henry Caldwell,1199,344,.287,96,4,20,155,151,32
Thomas Orlopp,1102,320,.290,128,24,40,314,130,28
Richard Cupit,0,0,.NaN,0,0,0,0,0,0
Ricardo Feeny,0,0,.NaN,0,0,0,0,0,0
Robert Cox,993,240,.242,100,10,2,172,195,19
California Huskies's Player Name,At Bats,Hits,Batting Average,Doubles,Triples,Home Runs,RBI's,Strikeouts,Walks,Innings Pitched,ERA,Earned Runs Allowed,Runs Allowed,Strikeouts,Walks
Michael Chavez,186,2,.011,2,0,0,2,50,0,273.1,3.23,98,106,361,23
Michael Chandler,0,0,.NaN,0,0,0,0,0,0,0.0,0.00,0,0,0,0
Richard Nakano,175,10,.057,6,0,0,4,49,0,279.2,2.48,77,81,360,29
Richard Maxwell,0,0,.NaN,0,0,0,0,0,0,0.0,0.00,0,0,0,0
Dennis Hernandez,178,12,.067,6,0,0,7,48,0,282.0,3.22,101,108,367,30
Allen Catalano,0,0,.NaN,0,0,0,0,0,0,0.0,0.00,0,0,0,0
Stephen Ponder,197,12,.061,10,0,0,8,45,0,278.0,4.76,147,153,349,14
Adrian Miller,0,0,.NaN,0,0,0,0,0,0,0.0,0.00,0,0,0,0
Robert Diaz,126,14,.111,6,0,0,6,44,0,210.1,3.81,89,93,253,21
Jorge Carlson,0,0,.NaN,0,0,0,0,0,0,0.0,0.00,0,0,0,0
John Valek,59,0,.000,0,0,0,0,15,0,85.0,3.18,30,33,112,5
Charles Grondin,0,0,.NaN,0,0,0,0,0,0,0.0,0.00,0,0,0,0
Robert Keane,1103,278,.252,58,6,10,98,209,20
David Nguyen,1208,350,.290,88,22,12,158,132,25
Jose Geerling,0,0,.NaN,0,0,0,0,0,0
Paul Heitzler,1019,232,.228,96,18,8,176,189,12
Humberto Jackson,0,0,.NaN,0,0,0,0,0,0
Donald Ulrich,1101,274,.249,66,14,16,149,179,18
Wade Williams,0,0,.NaN,0,0,0,0,0,0
Jose Lei,1051,188,.179,56,12,4,126,229,9
Maurice Moore,1260,368,.292,120,14,68,247,152,19
Eric Ohara,1007,210,.209,70,14,14,150,177,3
Elvis Gibson,0,0,.NaN,0,0,0,0,0,0
Bob Carrera,1063,238,.224,82,14,0,146,177,8
John Gray,0,0,.NaN,0,0,0,0,0,0
North Carolina Rangers's Player Name,At Bats,Hits,Batting Average,Doubles,Triples,Home Runs,RBI's,Strikeouts,Walks,Innings Pitched,ERA,Earned Runs Allowed,Runs Allowed,Strikeouts,Walks
Jason Gallegos,180,4,.022,2,2,0,5,50,0,274.1,3.48,106,113,337,16
Timothy Latham,0,0,.NaN,0,0,0,0,0,0,0.0,0.00,0,0,0,0
Thomas Chapman,168,0,.000,0,0,0,3,62,1,280.0,3.73,116,125,335,29
Jerry York,0,0,.NaN,0,0,0,0,0,0,0.0,0.00,0,0,0,0
James Sebren,169,8,.047,4,0,0,6,59,0,289.1,3.89,125,136,379,20
Joshua Peacock,0,0,.NaN,0,0,0,0,0,0,0.0,0.00,0,0,0,0
Thomas Coutant,194,52,.268,12,2,12,40,22,4,285.0,3.41,108,119,343,29
Paul Martin,0,0,.NaN,0,0,0,0,0,0,0.0,0.00,0,0,0,0
Marshall Rossi,125,0,.000,0,0,0,1,51,0,207.0,5.17,119,130,231,21
Michael Coleman,0,0,.NaN,0,0,0,0,0,0,0.0,0.00,0,0,0,0
Chris Perry,45,0,.000,0,0,0,0,15,0,75.0,2.76,23,25,94,2
Christopher Williams,0,0,.NaN,0,0,0,0,0,0,0.0,0.00,0,0,0,0
Robert Jurado,1229,354,.288,86,8,34,155,179,11
Fabian Sanders,1184,348,.294,92,14,28,194,136,13
Joel Metz,0,0,.NaN,0,0,0,0,0,0
David Deanda,1038,248,.239,84,14,4,165,200,10
Luis Bates,0,0,.NaN,0,0,0,0,0,0
Leon Leon,1087,186,.171,86,14,0,154,197,12
Michael Costello,0,0,.NaN,0,0,0,0,0,0
Timothy Furey,1108,270,.244,110,14,2,198,154,5
Peter Neel,1145,322,.281,86,22,18,182,195,22
Shannon Forbes,948,200,.211,66,10,0,113,210,5
Paul Chim,0,0,.NaN,0,0,0,0,0,0
William Delio,1012,230,.227,78,10,0,113,192,7
Robert Kadiri,0,0,.NaN,0,0,0,0,0,0
Columbus Tigers's Player Name,At Bats,Hits,Batting Average,Doubles,Triples,Home Runs,RBI's,Strikeouts,Walks,Innings Pitched,ERA,Earned Runs Allowed,Runs Allowed,Strikeouts,Walks
Josh Abrigo,210,30,.143,6,0,0,9,34,0,301.2,3.13,105,113,366,28
Michael Haines,0,0,.NaN,0,0,0,0,0,0,0.0,0.00,0,0,0,0
Travis Landrum,189,22,.116,8,0,0,17,37,1,276.1,3.16,97,101,341,17
Ronald Hockless,0,0,.NaN,0,0,0,0,0,0,0.0,0.00,0,0,0,0
Jason Ellis,196,0,.000,0,0,0,1,60,0,295.0,3.72,122,124,369,17
William Todd,0,0,.NaN,0,0,0,0,0,0,0.0,0.00,0,0,0,0
Brandon Luu,194,20,.103,6,0,0,9,62,0,294.1,3.55,116,120,344,14
Micheal Ceballos,0,0,.NaN,0,0,0,0,0,0,0.0,0.00,0,0,0,0
Paul James,124,6,.048,6,0,0,7,42,0,212.0,2.59,61,64,260,15
Harry Kosareff,0,0,.NaN,0,0,0,0,0,0,0.0,0.00,0,0,0,0
Albert Kelly,37,0,.000,0,0,0,0,21,0,72.0,2.63,21,22,91,11
William Lerma,0,0,.NaN,0,0,0,0,0,0,0.0,0.00,0,0,0,0
Michael Boeckman,1105,224,.203,88,6,8,144,227,14
Carl Dambrosio,1245,332,.267,104,10,22,172,157,25
Thomas Ewing,0,0,.NaN,0,0,0,0,0,0
Jose Ortiz,1044,254,.243,88,12,8,160,224,8
Peter Donahue,0,0,.NaN,0,0,0,0,0,0
Louis Reaves,1073,186,.173,68,4,0,84,215,19
David Lee,1009,204,.202,86,2,12,139,211,6
Deandre Dodd,1225,336,.274,108,18,30,211,153,19
Thomas Estrada,0,0,.NaN,0,0,0,0,0,0
John Cordero,1172,118,.101,64,2,0,72,306,1
Michael Perez,0,0,.NaN,0,0,0,0,0,0
Scott Burks,0,0,.NaN,0,0,0,0,0,0
Joseph Ackert,1192,300,.252,96,6,20,168,188,7
Rochester Stars's Player Name,At Bats,Hits,Batting Average,Doubles,Triples,Home Runs,RBI's,Strikeouts,Walks,Innings Pitched,ERA,Earned Runs Allowed,Runs Allowed,Strikeouts,Walks
Charles Garcia,171,0,.000,0,0,0,0,63,0,278.0,4.34,134,140,364,22
Keith Desouza,0,0,.NaN,0,0,0,0,0,0,0.0,0.00,0,0,0,0
Richard Cressey,198,38,.192,26,2,0,29,40,0,285.1,5.08,161,174,329,14
Kevin Clark,0,0,.NaN,0,0,0,0,0,0,0.0,0.00,0,0,0,0
Donald Clardy,179,12,.067,10,0,0,10,49,2,285.2,4.38,139,147,383,22
Kenneth Zelenka,0,0,.NaN,0,0,0,0,0,0,0.0,0.00,0,0,0,0
Thomas Mccallum,192,12,.063,8,0,0,10,38,0,273.1,4.15,126,136,332,26
Scott Jolly,0,0,.NaN,0,0,0,0,0,0,0.0,0.00,0,0,0,0
Kenneth Shepherd,147,4,.027,2,0,0,13,25,1,199.0,4.34,96,105,228,16
Robert Terranova,0,0,.NaN,0,0,0,0,0,0,0.0,0.00,0,0,0,0
Michael Patterson,53,4,.075,0,0,0,2,13,0,79.0,4.78,42,43,93,4
Raymond Bullock,0,0,.NaN,0,0,0,0,0,0,0.0,0.00,0,0,0,0
Leon Castillo,1105,330,.299,68,16,42,242,173,24
Robert Meredith,1240,390,.315,146,14,50,268,134,12
Richard Patrick,0,0,.NaN,0,0,0,0,0,0
Michael Pack,998,156,.156,70,10,2,119,204,11
William Hahn,0,0,.NaN,0,0,0,0,0,0
Kirk Koster,1036,214,.207,80,16,6,171,244,10
Edgar Sayko,1172,362,.309,114,12,42,211,142,33
Robert Pfeiffer,1259,350,.278,130,4,20,178,151,21
Clyde Negron,0,0,.NaN,0,0,0,0,0,0
Darrell Tran,1050,242,.230,114,2,6,166,176,13
Everette Witz,0,0,.NaN,0,0,0,0,0,0
Carlos Johnson,0,0,.NaN,0,0,0,0,0,0
Claude Miller,972,166,.171,80,6,0,110,230,1
Florida Vikings's Player Name,At Bats,Hits,Batting Average,Doubles,Triples,Home Runs,RBI's,Strikeouts,Walks,Innings Pitched,ERA,Earned Runs Allowed,Runs Allowed,Strikeouts,Walks
Ray Lane,201,20,.100,10,0,0,8,35,0,279.0,4.29,133,164,334,29
Bernard Williams,0,0,.NaN,0,0,0,0,0,0,0.0,0.00,0,0,0,0
Jarvis Bubp,188,6,.032,0,0,0,4,56,0,278.0,4.44,137,153,374,16
Jerrold Kurowski,0,0,.NaN,0,0,0,0,0,0,0.0,0.00,0,0,0,0
Charles Higgs,176,4,.023,2,0,0,3,66,0,282.0,3.96,124,138,345,20
Doug Riojas,0,0,.NaN,0,0,0,0,0,0,0.0,0.00,0,0,0,0
Ray Marchesani,182,10,.055,2,0,0,2,52,0,276.1,3.55,109,122,363,15
James Rade,0,0,.NaN,0,0,0,0,0,0,0.0,0.00,0,0,0,0
Ignacio Caplan,150,10,.067,2,0,2,5,42,0,223.2,5.11,127,142,263,21
Donald Cardona,0,0,.NaN,0,0,0,0,0,0,0.0,0.00,0,0,0,0
Matthew Hill,35,0,.000,0,0,0,0,9,0,53.1,4.56,27,31,66,9
Allen Butler,0,0,.NaN,0,0,0,0,0,0,0.0,0.00,0,0,0,0
Clifton Miller,1171,298,.254,60,12,40,139,167,29
Bradley Rodriguez,1120,328,.293,90,12,72,268,144,18
Christopher Mandel,0,0,.NaN,0,0,0,0,0,0
Bobby Heller,1019,198,.194,52,10,0,125,209,6
Robert Albright,0,0,.NaN,0,0,0,0,0,0
Melvin Medina,1072,258,.241,82,14,12,154,186,7
Philip Showalter,1242,408,.329,114,12,76,247,156,22
Lamar Greenwood,1156,330,.285,100,10,14,178,152,20
Jacques Dunham,0,0,.NaN,0,0,0,0,0,0
Daniel Figueroa,1098,290,.264,82,14,22,189,152,21
Glenn Schuster,0,0,.NaN,0,0,0,0,0,0
William Salinas,0,0,.NaN,0,0,0,0,0,0
Brian Laliberte,1008,150,.149,66,12,0,129,192,9
Kentucky Jaguars's Player Name,At Bats,Hits,Batting Average,Doubles,Triples,Home Runs,RBI's,Strikeouts,Walks,Innings Pitched,ERA,Earned Runs Allowed,Runs Allowed,Strikeouts,Walks
Robert Dinh,187,0,.000,0,0,0,1,59,0,279.1,3.32,103,107,341,18
Danilo Broadwater,0,0,.NaN,0,0,0,0,0,0,0.0,0.00,0,0,0,0
Gary Lopez,176,2,.011,2,0,0,2,48,2,271.2,4.07,123,138,350,29
John Dursteler,0,0,.NaN,0,0,0,0,0,0,0.0,0.00,0,0,0,0
Mark Collins,186,0,.000,0,0,0,1,50,0,282.2,4.52,142,147,355,17
Tony Brown,0,0,.NaN,0,0,0,0,0,0,0.0,0.00,0,0,0,0
Dennis Hays,180,2,.011,2,0,0,2,54,0,284.2,3.51,111,120,343,18
Richard Coleman,0,0,.NaN,0,0,0,0,0,0,0.0,0.00,0,0,0,0
Jeremy Law,162,2,.012,0,0,0,0,42,0,241.0,4.41,118,124,333,18
Brad Silberman,0,0,.NaN,0,0,0,0,0,0,0.0,0.00,0,0,0,0
Nicholas Stamps,29,2,.069,0,0,0,0,13,0,52.0,2.94,17,18,65,4
Nathan White,0,0,.NaN,0,0,0,0,0,0,0.0,0.00,0,0,0,0
Michael Specht,1208,346,.286,110,6,28,174,156,17
Eugene Blacker,1169,340,.291,136,20,10,218,153,19
Jesus Donovan,0,0,.NaN,0,0,0,0,0,0
Carl Smith,923,124,.134,48,0,0,57,271,8
Justin Roberts,0,0,.NaN,0,0,0,0,0,0
Fred Hurst,1055,196,.186,76,6,2,123,221,4
Ian Redar,0,0,.NaN,0,0,0,0,0,0
Charles Williams,1050,186,.177,60,14,0,138,238,13
Joshua Huston,1130,308,.273,112,14,24,217,160,22
Lloyd Ledford,1274,302,.237,96,4,18,133,168,11
Phillip Stephens,0,0,.NaN,0,0,0,0,0,0
Donald Beermann,0,0,.NaN,0,0,0,0,0,0
Michael Harding,1052,218,.207,74,10,2,113,186,3
California Grizzlies's Player Name,At Bats,Hits,Batting Average,Doubles,Triples,Home Runs,RBI's,Strikeouts,Walks,Innings Pitched,ERA,Earned Runs Allowed,Runs Allowed,Strikeouts,Walks
John Lucas,187,0,.000,0,0,0,0,51,0,281.1,3.20,100,111,345,26
Paul Trost,0,0,.NaN,0,0,0,0,0,0,0.0,0.00,0,0,0,0
Cedric Brode,188,22,.117,10,0,0,20,44,2,285.2,3.31,105,113,367,27
Christopher Viau,0,0,.NaN,0,0,0,0,0,0,0.0,0.00,0,0,0,0
Todd Mora,200,2,.010,0,2,0,10,46,0,290.2,3.93,127,138,390,16
Kenneth Parsons,0,0,.NaN,0,0,0,0,0,0,0.0,0.00,0,0,0,0
Leslie Proctor,170,2,.012,0,0,0,0,58,0,278.0,3.82,118,125,315,25
Craig Robinson,0,0,.NaN,0,0,0,0,0,0,0.0,0.00,0,0,0,0
Daniel Hail,116,2,.017,2,0,0,2,38,0,181.1,4.62,93,99,205,18
Donald Nichols,0,0,.NaN,0,0,0,0,0,0,0.0,0.00,0,0,0,0
Jordan Fox,59,2,.034,2,0,0,2,21,0,97.0,3.25,35,36,120,4
Ted Potter,0,0,.NaN,0,0,0,0,0,0,0.0,0.00,0,0,0,0
Joseph Garcia,1177,304,.258,96,14,16,164,171,25
Ernest Windham,1213,294,.242,88,12,42,176,199,19
John Lows,0,0,.NaN,0,0,0,0,0,0
Kirk Ray,997,216,.217,106,10,6,152,193,3
Kenneth Phillips,0,0,.NaN,0,0,0,0,0,0
Keith Kaatz,1019,178,.175,54,16,6,126,229,8
Christopher Lamay,0,0,.NaN,0,0,0,0,0,0
Brenton Brown,1049,194,.185,58,8,10,135,263,11
Charles Thorpe,1113,278,.250,74,18,24,170,187,29
Jason Bedford,1028,234,.228,64,4,2,98,232,22
Clinton Garza,0,0,.NaN,0,0,0,0,0,0
Seth Mcneally,0,0,.NaN,0,0,0,0,0,0
Juan Wallace,1028,220,.214,76,12,0,141,184,6
Indiana Gators's Player Name,At Bats,Hits,Batting Average,Doubles,Triples,Home Runs,RBI's,Strikeouts,Walks,Innings Pitched,ERA,Earned Runs Allowed,Runs Allowed,Strikeouts,Walks
Hilton Brooks,203,14,.069,10,0,0,12,43,0,296.0,4.86,160,167,343,18
Tim Johnson,0,0,.NaN,0,0,0,0,0,0,0.0,0.00,0,0,0,0
Timothy Juarez,178,2,.011,0,0,0,0,56,0,282.0,4.56,143,148,306,13
Sean Dabney,0,0,.NaN,0,0,0,0,0,0,0.0,0.00,0,0,0,0
David Bailey,200,54,.270,18,4,8,42,22,6,273.1,4.77,145,150,366,17
Kenneth Rich,0,0,.NaN,0,0,0,0,0,0,0.0,0.00,0,0,0,0
Kevin Cox,169,6,.036,4,0,0,4,59,0,273.2,3.88,118,131,337,29
Ronald Smith,0,0,.NaN,0,0,0,0,0,0,0.0,0.00,0,0,0,0
Nathan Mcalpin,128,18,.141,10,2,0,22,36,0,190.2,4.91,104,109,200,16
Randy Strauch,0,0,.NaN,0,0,0,0,0,0,0.0,0.00,0,0,0,0
Curtis Piehl,48,8,.167,6,0,0,7,14,0,84.0,3.64,34,36,112,6
Timothy Bishop,0,0,.NaN,0,0,0,0,0,0,0.0,0.00,0,0,0,0
Robert Kahn,1177,294,.250,96,12,18,180,157,35
Laverne Moreno,0,0,.NaN,0,0,0,0,0,0
Robert Durko,979,208,.212,68,12,6,136,195,9
Rafael Stevenson,0,0,.NaN,0,0,0,0,0,0
Wayne Nelson,1119,170,.152,52,16,0,108,137,8
Luis Jimison,1155,304,.263,92,14,36,206,151,28
Robert Soni,1109,304,.274,82,22,18,199,159,31
Gary Almeida,1255,324,.258,108,4,12,165,167,15
Donald Springett,0,0,.NaN,0,0,0,0,0,0
David Townsend,0,0,.NaN,0,0,0,0,0,0
Van Jun,998,160,.160,60,4,0,99,208,14
Theodore Huskey,0,0,.NaN,0,0,0,0,0,0
Brian Simpson,1086,276,.254,82,16,0,141,214,3
Michigan Braves's Player Name,At Bats,Hits,Batting Average,Doubles,Triples,Home Runs,RBI's,Strikeouts,Walks,Innings Pitched,ERA,Earned Runs Allowed,Runs Allowed,Strikeouts,Walks
Kenneth Brooks,185,12,.065,6,0,0,8,41,2,272.2,4.49,136,143,345,13
James Hicks,0,0,.NaN,0,0,0,0,0,0,0.0,0.00,0,0,0,0
Charles Ramos,185,26,.141,14,4,0,25,39,1,279.0,3.87,120,129,379,11
Alfredo Brooks,0,0,.NaN,0,0,0,0,0,0,0.0,0.00,0,0,0,0
Roberto Kitchen,185,12,.065,8,2,0,10,43,0,276.0,4.21,129,145,343,21
Kenneth Bullock,0,0,.NaN,0,0,0,0,0,0,0.0,0.00,0,0,0,0
Michael Schreibman,180,4,.022,4,0,0,7,62,0,288.1,5.21,167,178,335,26
Gregory Shannon,0,0,.NaN,0,0,0,0,0,0,0.0,0.00,0,0,0,0
Richard Palmer,146,12,.082,0,4,0,14,38,0,216.2,5.48,132,142,242,31
Michael Oconnell,0,0,.NaN,0,0,0,0,0,0,0.0,0.00,0,0,0,0
Donald Perez,45,2,.044,0,0,0,0,13,0,66.2,4.32,32,33,80,6
John Redding,0,0,.NaN,0,0,0,0,0,0,0.0,0.00,0,0,0,0
Scott Lasko,1150,296,.257,100,28,22,215,176,15
Tommie Mackenzie,0,0,.NaN,0,0,0,0,0,0
Daniel Parsons,1197,266,.222,90,2,6,118,241,7
Alexander Stalnecker,0,0,.NaN,0,0,0,0,0,0
Jose Stansberry,1046,224,.214,86,14,0,154,162,7
Todd Redburn,1102,230,.209,92,12,0,158,190,5
William Stern,1149,368,.320,94,26,40,238,141,19
Thomas Molina,1243,308,.248,68,4,16,112,117,24
David Waites,0,0,.NaN,0,0,0,0,0,0
Gary Spears,0,0,.NaN,0,0,0,0,0,0
George Russo,988,230,.233,80,2,0,114,188,8
Steven King,0,0,.NaN,0,0,0,0,0,0
Kyle Miles,1046,198,.189,58,10,4,123,200,14
Amarillo Jets's Player Name,At Bats,Hits,Batting Average,Doubles,Triples,Home Runs,RBI's,Strikeouts,Walks,Innings Pitched,ERA,Earned Runs Allowed,Runs Allowed,Strikeouts,Walks
Raymond Reed,186,20,.108,10,0,0,10,40,0,278.0,3.27,101,108,358,15
James Salas,0,0,.NaN,0,0,0,0,0,0,0.0,0.00,0,0,0,0
Don Jones,183,0,.000,0,0,0,0,53,0,282.2,5.16,162,178,343,22
Martin Brown,0,0,.NaN,0,0,0,0,0,0,0.0,0.00,0,0,0,0
Bradford Matthews,188,22,.117,12,2,0,18,46,0,284.1,3.45,109,117,328,24
Robert Gray,0,0,.NaN,0,0,0,0,0,0,0.0,0.00,0,0,0,0
Robert Allen,194,18,.093,4,4,0,14,36,0,274.0,3.28,100,109,344,22
Kevin Brown,0,0,.NaN,0,0,0,0,0,0,0.0,0.00,0,0,0,0
David Myers,137,34,.248,12,2,0,15,37,0,212.1,5.38,127,130,264,19
Richard Kunkel,0,0,.NaN,0,0,0,0,0,0,0.0,0.00,0,0,0,0
Gregory Almeida,39,2,.051,0,2,0,4,13,0,58.0,5.12,33,34,73,6
Paul Blackwelder,0,0,.NaN,0,0,0,0,0,0,0.0,0.00,0,0,0,0
Joseph Smith,1152,322,.280,76,16,34,201,144,23
Robert Wilcoxen,1086,306,.282,78,10,26,179,164,28
Derrick Merlin,0,0,.NaN,0,0,0,0,0,0
Shawn Callaghan,1017,186,.183,84,2,8,128,207,15
Graham Rodriguez,0,0,.NaN,0,0,0,0,0,0
Roland Davis,988,228,.231,38,4,4,85,190,5
Steven Yeo,1059,242,.229,90,12,2,161,211,11
Samuel Lewis,1187,358,.302,80,8,60,190,181,15
David Sutherland,0,0,.NaN,0,0,0,0,0,0
Ronnie Staab,1185,322,.272,130,6,20,195,173,32
Edwardo Turok,0,0,.NaN,0,0,0,0,0,0
Steven Caserta,0,0,.NaN,0,0,0,0,0,0
Allen Wiacek,1011,204,.202,60,14,0,120,183,7
Colorado Mustangs's Player Name,At Bats,Hits,Batting Average,Doubles,Triples,Home Runs,RBI's,Strikeouts,Walks,Innings Pitched,ERA,Earned Runs Allowed,Runs Allowed,Strikeouts,Walks
Roderick Brunet,193,12,.062,0,2,0,4,37,0,276.2,4.36,134,144,315,27
Earle Mayorga,0,0,.NaN,0,0,0,0,0,0,0.0,0.00,0,0,0,0
Michael Knish,167,20,.120,4,0,0,3,51,4,284.2,3.92,124,134,316,25
Kevin Campos,0,0,.NaN,0,0,0,0,0,0,0.0,0.00,0,0,0,0
Gary Dickey,196,38,.194,16,2,0,29,40,0,282.0,3.48,109,117,355,22
William Thielges,0,0,.NaN,0,0,0,0,0,0,0.0,0.00,0,0,0,0
Martin Claflin,193,58,.301,24,0,6,36,29,3,283.0,3.15,99,111,352,26
Christopher Gardner,0,0,.NaN,0,0,0,0,0,0,0.0,0.00,0,0,0,0
Gerald Hoskins,129,2,.016,0,0,0,1,39,0,216.2,3.12,75,86,232,14
Robert Booth,0,0,.NaN,0,0,0,0,0,0,0.0,0.00,0,0,0,0
Vito Clark,50,8,.160,4,0,0,2,12,0,71.1,4.16,33,38,85,9
Tom Weiland,0,0,.NaN,0,0,0,0,0,0,0.0,0.00,0,0,0,0
Thomas Castro,1025,238,.232,98,6,0,145,211,6
Charles Mayes,1121,314,.280,72,12,62,220,149,24
Philip Ohanlon,0,0,.NaN,0,0,0,0,0,0
Todd Clapham,965,166,.172,74,4,2,107,219,8
Manuel Reynolds,0,0,.NaN,0,0,0,0,0,0
Alfred Butrico,0,0,.NaN,0,0,0,0,0,0
Arthur Salazar,1047,216,.206,66,6,6,95,193,4
David Manzi,0,0,.NaN,0,0,0,0,0,0
Richard Blate,1094,222,.203,68,4,6,104,178,13
Walter Mcgrath,1164,308,.265,104,10,18,166,176,14
Richard Carranza,1166,248,.213,86,2,0,109,236,6
Jeremiah Thomas,0,0,.NaN,0,0,0,0,0,0
Ronald Gordon,1070,198,.185,82,6,0,127,190,6
Las Cruces Hawks's Player Name,At Bats,Hits,Batting Average,Doubles,Triples,Home Runs,RBI's,Strikeouts,Walks,Innings Pitched,ERA,Earned Runs Allowed,Runs Allowed,Strikeouts,Walks
George Freyta,182,6,.033,2,2,0,11,54,0,275.2,5.45,167,177,334,16
Dale Jacobs,0,0,.NaN,0,0,0,0,0,0,0.0,0.00,0,0,0,0
Nicholas Evans,200,2,.010,2,0,0,2,48,0,290.0,3.97,128,146,313,22
Jeff Feigin,0,0,.NaN,0,0,0,0,0,0,0.0,0.00,0,0,0,0
Kenneth Wallace,181,30,.166,12,0,0,20,39,2,283.0,4.77,150,162,388,27
John Phillips,0,0,.NaN,0,0,0,0,0,0,0.0,0.00,0,0,0,0
Angel Williams,174,12,.069,0,0,0,3,54,0,273.1,4.51,137,153,308,25
Wesley Cooper,0,0,.NaN,0,0,0,0,0,0,0.0,0.00,0,0,0,0
Lance Mahadeo,102,12,.118,6,0,0,6,20,0,148.2,3.39,56,66,187,10
James Worthington,0,0,.NaN,0,0,0,0,0,0,0.0,0.00,0,0,0,0
Gregory Larouche,76,6,.079,2,0,0,2,28,0,127.0,4.39,62,67,152,8
Garth Wencel,0,0,.NaN,0,0,0,0,0,0,0.0,0.00,0,0,0,0
Daron Waters,1102,310,.281,104,34,38,291,156,25
Ben Kurtz,0,0,.NaN,0,0,0,0,0,0
Alexander Corneille,1213,298,.246,78,6,8,126,195,7
Phillip Drozd,0,0,.NaN,0,0,0,0,0,0
Fred Cummings,1045,184,.176,68,8,4,122,179,7
Frank Millard,1217,340,.279,92,8,32,177,151,10
Richard Mcglinchey,0,0,.NaN,0,0,0,0,0,0
Patricia Coleman,999,188,.188,86,8,2,132,257,9
Hipolito Kim,1086,268,.247,94,18,16,197,172,19
Edward Martin,1117,318,.285,122,20,26,243,183,21
Josef Brown,0,0,.NaN,0,0,0,0,0,0
Leonard Feaster,0,0,.NaN,0,0,0,0,0,0
Travis Goodrum,965,204,.211,68,20,2,123,195,13
Hawaii Dragons's Player Name,At Bats,Hits,Batting Average,Doubles,Triples,Home Runs,RBI's,Strikeouts,Walks,Innings Pitched,ERA,Earned Runs Allowed,Runs Allowed,Strikeouts,Walks
Van Hurley,181,24,.133,8,4,0,25,59,2,282.1,4.05,127,144,359,28
Scott Scott,0,0,.NaN,0,0,0,0,0,0,0.0,0.00,0,0,0,0
Ray Godwin,177,12,.068,4,0,0,4,55,0,278.0,4.01,124,137,373,22
John Thomas,0,0,.NaN,0,0,0,0,0,0,0.0,0.00,0,0,0,0
Richard Marsteller,162,20,.123,14,0,0,10,58,0,278.2,3.68,114,128,359,27
Lonnie Pabon,0,0,.NaN,0,0,0,0,0,0,0.0,0.00,0,0,0,0
Luis Ferguson,178,8,.045,2,2,0,7,64,0,282.0,3.61,113,124,305,25
Stanley Zapien,0,0,.NaN,0,0,0,0,0,0,0.0,0.00,0,0,0,0
Bill Cimini,147,4,.027,0,0,0,2,37,1,213.0,4.86,115,129,268,22
Corey Kenney,0,0,.NaN,0,0,0,0,0,0,0.0,0.00,0,0,0,0
Robert Seddon,44,2,.045,2,0,0,2,10,0,65.0,4.29,31,33,84,5
Larry Harris,0,0,.NaN,0,0,0,0,0,0,0.0,0.00,0,0,0,0
Allen Whitworth,1110,314,.283,96,14,12,201,140,24
Brendon Hartman,1178,364,.309,116,4,48,215,160,35
Corey Maxwell,0,0,.NaN,0,0,0,0,0,0
William Serrano,1050,190,.181,74,14,0,141,222,5
John Levy,0,0,.NaN,0,0,0,0,0,0
George Perez,1014,184,.181,62,14,2,111,220,14
Everette Sauder,0,0,.NaN,0,0,0,0,0,0
Larry Gaffin,986,200,.203,74,12,6,137,204,8
Jerry Patton,1214,238,.196,110,6,4,144,228,9
Donald Chew,1173,360,.307,104,10,24,172,163,19
Jeremy Peterson,0,0,.NaN,0,0,0,0,0,0
Eric Lederer,0,0,.NaN,0,0,0,0,0,0
Rafael Garrison,1028,232,.226,82,12,20,163,186,9
Georgia Trojans's Player Name,At Bats,Hits,Batting Average,Doubles,Triples,Home Runs,RBI's,Strikeouts,Walks,Innings Pitched,ERA,Earned Runs Allowed,Runs Allowed,Strikeouts,Walks
Willie Flood,169,14,.083,10,0,0,12,51,0,272.0,3.08,93,103,330,31
Brian Arteaga,0,0,.NaN,0,0,0,0,0,0,0.0,0.00,0,0,0,0
Daniel Casamassa,179,2,.011,0,0,0,0,59,0,290.0,5.06,163,177,342,26
Aaron Rodriguez,0,0,.NaN,0,0,0,0,0,0,0.0,0.00,0,0,0,0
David Schoonover,187,0,.000,0,0,0,1,49,0,286.2,4.36,139,150,318,27
Joaquin Pilgrim,0,0,.NaN,0,0,0,0,0,0,0.0,0.00,0,0,0,0
James Brown,168,6,.036,0,0,0,0,60,0,287.2,3.38,108,108,344,29
William Dillon,0,0,.NaN,0,0,0,0,0,0,0.0,0.00,0,0,0,0
Richard Lobos,121,18,.149,8,0,0,7,31,0,177.1,4.72,93,97,201,14
Scott Harner,0,0,.NaN,0,0,0,0,0,0,0.0,0.00,0,0,0,0
Charles Schafer,59,6,.102,2,0,0,4,23,0,97.1,2.96,32,33,124,15
Thomas Helm,0,0,.NaN,0,0,0,0,0,0,0.0,0.00,0,0,0,0
Kevin Kendrick,1107,338,.305,86,10,60,206,191,15
James Morris,1168,304,.260,104,10,26,174,140,33
Ryan Bailey,1028,236,.230,94,6,2,133,222,13
Timothy Dyer,0,0,.NaN,0,0,0,0,0,0
Terry Saucedo,954,196,.205,60,14,2,112,212,3
Keith Pollard,0,0,.NaN,0,0,0,0,0,0
Rick Williams,997,218,.219,74,4,4,95,207,3
Rickey Hernandez,1256,352,.280,138,8,22,207,134,14
Ron Day,0,0,.NaN,0,0,0,0,0,0
Winfred Goree,1057,170,.161,76,2,6,103,227,9
Alejandro Horton,0,0,.NaN,0,0,0,0,0,0
Lawrence Randall,1023,212,.207,72,6,0,98,197,7
South Carolina Rams's Player Name,At Bats,Hits,Batting Average,Doubles,Triples,Home Runs,RBI's,Strikeouts,Walks,Innings Pitched,ERA,Earned Runs Allowed,Runs Allowed,Strikeouts,Walks
Elmer Frederick,174,20,.115,4,0,0,5,52,1,275.2,4.18,128,142,347,25
James Hill,0,0,.NaN,0,0,0,0,0,0,0.0,0.00,0,0,0,0
Donald Schock,185,12,.065,4,0,0,10,41,1,279.1,4.25,132,135,346,23
Michael Grondahl,0,0,.NaN,0,0,0,0,0,0,0.0,0.00,0,0,0,0
Matthew Avila,174,30,.172,8,4,0,20,50,1,279.0,4.29,133,140,374,24
James Dasgupta,0,0,.NaN,0,0,0,0,0,0,0.0,0.00,0,0,0,0
Thomas Dickson,161,22,.137,8,4,0,23,59,1,279.1,3.32,103,118,357,28
Robert Debenedetto,0,0,.NaN,0,0,0,0,0,0,0.0,0.00,0,0,0,0
Adam Ruzicka,135,4,.030,2,0,0,2,37,0,212.0,4.25,100,114,223,21
Jeremy Baskin,0,0,.NaN,0,0,0,0,0,0,0.0,0.00,0,0,0,0
Kevin Constantinou,46,2,.043,0,0,0,0,12,0,71.0,5.20,41,45,98,2
Gerard Thompson,0,0,.NaN,0,0,0,0,0,0,0.0,0.00,0,0,0,0
John Carrillo,1120,322,.288,86,6,36,168,162,31
Eric Carter,1146,310,.271,74,14,34,193,164,9
Sammy Dassow,0,0,.NaN,0,0,0,0,0,0
Steven Konkel,915,172,.188,66,8,2,86,237,6
Oscar Hartman,0,0,.NaN,0,0,0,0,0,0
William Wood,979,228,.233,90,12,28,177,191,9
Mark Rielly,0,0,.NaN,0,0,0,0,0,0
John Brandt,1206,360,.299,98,16,38,179,170,23
Leonard Krawczyk,1059,290,.274,74,8,20,155,189,24
Richard Hall,0,0,.NaN,0,0,0,0,0,0
Joshua Boyt,1034,208,.201,66,6,0,99,164,15
Carlos Chamu,0,0,.NaN,0,0,0,0,0,0
Gregory Harris,1017,196,.193,68,4,2,94,245,8
Texas Wolves's Player Name,At Bats,Hits,Batting Average,Doubles,Triples,Home Runs,RBI's,Strikeouts,Walks,Innings Pitched,ERA,Earned Runs Allowed,Runs Allowed,Strikeouts,Walks
Christopher Castro,189,18,.095,12,2,0,17,49,0,280.0,4.44,138,153,391,17
Jeffrey Franklin,0,0,.NaN,0,0,0,0,0,0,0.0,0.00,0,0,0,0
Justin Boyd,163,8,.049,4,0,0,7,57,0,273.2,4.54,138,154,334,9
Carroll Soto,0,0,.NaN,0,0,0,0,0,0,0.0,0.00,0,0,0,0
John Bray,174,6,.034,0,0,0,4,60,0,274.0,4.34,132,152,347,16
Howard Beltran,0,0,.NaN,0,0,0,0,0,0,0.0,0.00,0,0,0,0
Robert Delgado,181,4,.022,4,0,0,6,59,0,287.0,3.76,120,136,364,28
Scott Roberson,0,0,.NaN,0,0,0,0,0,0,0.0,0.00,0,0,0,0
Roland Earp,101,6,.059,4,0,0,6,29,0,150.0,3.90,65,70,199,12
Trey Johnson,0,0,.NaN,0,0,0,0,0,0,0.0,0.00,0,0,0,0
Jonathan Turner,79,8,.101,4,4,0,14,23,0,122.0,3.98,54,64,139,6
Robert Liberman,0,0,.NaN,0,0,0,0,0,0,0.0,0.00,0,0,0,0
Stanley Rayner,1192,376,.315,108,8,36,185,156,18
Jeffrey Morrison,0,0,.NaN,0,0,0,0,0,0
Jesus Obrien,1086,320,.295,88,6,26,170,154,43
Clair Davis,0,0,.NaN,0,0,0,0,0,0
Jason Steward,1000,196,.196,76,10,8,144,236,13
Kenneth Albrecht,0,0,.NaN,0,0,0,0,0,0
Foster Hall,1046,216,.207,68,20,2,157,156,15
Bobby Sessions,1196,374,.313,120,16,46,263,126,8
Paul Rowland,1107,286,.258,84,14,8,173,177,5
Richard Duncan,0,0,.NaN,0,0,0,0,0,0
Calvin Flores,1194,196,.164,96,8,2,127,222,10
Michael Taylor,0,0,.NaN,0,0,0,0,0,0
Carroll Rothenberg,1000,158,.158,54,10,0,89,198,4
Kentucky Bombers's Player Name,At Bats,Hits,Batting Average,Doubles,Triples,Home Runs,RBI's,Strikeouts,Walks,Innings Pitched,ERA,Earned Runs Allowed,Runs Allowed,Strikeouts,Walks
David Hevron,185,26,.141,10,2,0,12,43,0,280.2,2.85,89,97,363,15
Robert Gilkison,0,0,.NaN,0,0,0,0,0,0,0.0,0.00,0,0,0,0
Edgar Cheramie,184,26,.141,8,2,0,17,62,0,295.0,3.75,123,137,342,28
Donald Luna,0,0,.NaN,0,0,0,0,0,0,0.0,0.00,0,0,0,0
Armando Kim,166,0,.000,0,0,0,0,54,0,269.0,3.98,119,128,336,31
Rodney Sachtleben,0,0,.NaN,0,0,0,0,0,0,0.0,0.00,0,0,0,0
Jay Parks,184,28,.152,10,0,0,14,36,3,270.1,4.69,141,148,320,24
Jessie Rodriguez,0,0,.NaN,0,0,0,0,0,0,0.0,0.00,0,0,0,0
Dennis Vallejo,178,18,.101,4,0,0,7,36,1,247.0,4.19,115,128,278,27
Dana Mims,0,0,.NaN,0,0,0,0,0,0,0.0,0.00,0,0,0,0
Monroe Schreck,23,4,.174,4,0,0,8,7,0,37.1,6.51,27,28,42,6
Raymond Lucas,0,0,.NaN,0,0,0,0,0,0,0.0,0.00,0,0,0,0
Howard Riggins,1188,326,.274,92,10,38,188,174,24
David Smith,0,0,.NaN,0,0,0,0,0,0
Steve Jenkins,1054,246,.233,66,10,2,116,230,11
Devon Mondragon,0,0,.NaN,0,0,0,0,0,0
Glen Breece,1047,144,.138,58,2,0,73,177,5
Travis Woodall,1109,198,.179,70,8,0,109,221,9
Angelo Koop,0,0,.NaN,0,0,0,0,0,0
Larry Boccio,1248,264,.212,98,8,12,146,204,4
Robert Seltzer,1137,334,.294,92,8,24,162,189,23
Sean Franklin,0,0,.NaN,0,0,0,0,0,0
Don Delsavio,1064,264,.248,102,16,6,181,178,10
John Mumford,0,0,.NaN,0,0,0,0,0,0
Robert Sciarrino,972,200,.206,60,8,2,112,202,8
Texas Eagles's Player Name,At Bats,Hits,Batting Average,Doubles,Triples,Home Runs,RBI's,Strikeouts,Walks,Innings Pitched,ERA,Earned Runs Allowed,Runs Allowed,Strikeouts,Walks
Mark Lyon,181,8,.044,6,0,0,5,55,2,298.1,3.11,103,107,335,22
Nicholas Dupree,0,0,.NaN,0,0,0,0,0,0,0.0,0.00,0,0,0,0
Desmond Davis,175,4,.023,0,0,0,0,55,0,269.1,2.91,87,89,340,12
Charles Tejada,0,0,.NaN,0,0,0,0,0,0,0.0,0.00,0,0,0,0
Sherman Yahia,170,10,.059,2,2,0,9,62,0,283.2,3.24,102,110,342,25
Johnny Sims,0,0,.NaN,0,0,0,0,0,0,0.0,0.00,0,0,0,0
Albert Byl,198,4,.020,4,0,0,4,44,0,277.2,4.54,140,146,371,25
Edwin Silva,0,0,.NaN,0,0,0,0,0,0,0.0,0.00,0,0,0,0
Kevin Weiss,126,4,.032,4,0,0,5,38,0,198.0,5.64,124,132,229,27
Bruce Robart,0,0,.NaN,0,0,0,0,0,0,0.0,0.00,0,0,0,0
Albert Gregg,60,16,.267,2,0,4,8,10,0,82.1,4.37,40,46,93,8
Richard Knoll,0,0,.NaN,0,0,0,0,0,0,0.0,0.00,0,0,0,0
Christopher Ludden,1235,364,.295,112,10,32,198,171,13
Raymond Seidenstricker,0,0,.NaN,0,0,0,0,0,0
Juan Wright,1094,234,.214,74,8,6,126,258,23
Julio Stacy,0,0,.NaN,0,0,0,0,0,0
Samuel Bell,1078,198,.184,72,8,2,129,234,3
Israel Diaz,1071,258,.241,108,18,6,177,161,7
David Courtney,1184,270,.228,94,18,0,170,154,10
Charles Quinn,1178,198,.168,80,12,6,114,270,7
James Matty,0,0,.NaN,0,0,0,0,0,0
Matthew York,1030,236,.229,98,14,6,169,170,3
Carl Bowles,0,0,.NaN,0,0,0,0,0,0
Mark Forney,0,0,.NaN,0,0,0,0,0,0
Nick Folsom,1077,148,.137,52,8,0,84,221,0
Wisconsin Wildcats's Player Name,At Bats,Hits,Batting Average,Doubles,Triples,Home Runs,RBI's,Strikeouts,Walks,Innings Pitched,ERA,Earned Runs Allowed,Runs Allowed,Strikeouts,Walks
Edward Vazquez,178,18,.101,10,0,0,8,42,0,277.2,3.40,105,113,365,28
William Weber,0,0,.NaN,0,0,0,0,0,0,0.0,0.00,0,0,0,0
Donald Ross,175,10,.057,4,0,0,4,57,0,288.0,3.78,121,127,370,19
Albert Wexler,0,0,.NaN,0,0,0,0,0,0,0.0,0.00,0,0,0,0
Joseph Parks,169,16,.095,2,2,0,10,53,0,284.2,3.76,119,133,334,17
Leon Parker,0,0,.NaN,0,0,0,0,0,0,0.0,0.00,0,0,0,0
Joseph Stroh,184,0,.000,0,0,0,1,48,0,279.1,4.29,133,139,330,16
Alfred Bryant,0,0,.NaN,0,0,0,0,0,0,0.0,0.00,0,0,0,0
Mack Martinez,142,8,.056,2,2,0,12,36,0,207.2,4.72,109,118,252,19
Christopher Austin,0,0,.NaN,0,0,0,0,0,0,0.0,0.00,0,0,0,0
Kenneth Brinkley,45,4,.089,2,0,0,2,15,0,71.2,4.77,38,40,92,5
James Rios,0,0,.NaN,0,0,0,0,0,0,0.0,0.00,0,0,0,0
Steve Mccray,1121,290,.259,106,8,18,162,151,26
Joshua Torres,1153,334,.290,106,18,44,244,169,16
Jim Camacho,0,0,.NaN,0,0,0,0,0,0
Sam Parker,1101,232,.211,78,0,22,138,189,10
Michael Peace,0,0,.NaN,0,0,0,0,0,0
Edwin Mcdonald,1041,222,.213,74,10,2,118,187,4
Jon Brahmbhatt,0,0,.NaN,0,0,0,0,0,0
Juan Tucker,1075,208,.193,78,12,10,168,195,4
Chad Myrie,992,212,.214,72,14,4,140,184,2
David Wolfe,1179,258,.219,90,4,4,115,239,2
John Peebles,0,0,.NaN,0,0,0,0,0,0
Michael Olah,0,0,.NaN,0,0,0,0,0,0
Bryan Covington,1023,234,.229,92,2,4,137,185,4
Texas Tigers's Player Name,At Bats,Hits,Batting Average,Doubles,Triples,Home Runs,RBI's,Strikeouts,Walks,Innings Pitched,ERA,Earned Runs Allowed,Runs Allowed,Strikeouts,Walks
Hugo Eichler,184,0,.000,0,0,0,2,56,1,278.1,4.56,141,148,317,17
Bradley Courtney,0,0,.NaN,0,0,0,0,0,0,0.0,0.00,0,0,0,0
Francis Martin,177,6,.034,4,0,0,4,65,0,282.1,4.75,149,154,342,18
James Bonitatibus,0,0,.NaN,0,0,0,0,0,0,0.0,0.00,0,0,0,0
Roger Barton,195,18,.092,12,2,0,23,43,0,281.1,5.02,157,170,313,23
Brain Wigley,0,0,.NaN,0,0,0,0,0,0,0.0,0.00,0,0,0,0
Daniel Colletti,175,8,.046,4,0,0,3,67,0,293.2,3.92,128,141,358,23
Edward Riner,0,0,.NaN,0,0,0,0,0,0,0.0,0.00,0,0,0,0
Anton Hall,110,4,.036,0,0,0,0,50,0,187.1,4.18,87,93,233,21
Stanley Carmona,0,0,.NaN,0,0,0,0,0,0,0.0,0.00,0,0,0,0
Roberto Francois,54,4,.074,2,0,0,4,24,0,89.0,5.06,50,53,103,4
Samuel Mcconnell,0,0,.NaN,0,0,0,0,0,0,0.0,0.00,0,0,0,0
Phillip Becker,1139,302,.265,120,10,30,217,179,38
Ronald Hammed,1043,300,.288,102,8,4,154,163,5
Clay Berry,0,0,.NaN,0,0,0,0,0,0
Walter Oldham,1084,162,.149,68,14,2,126,198,6
Robert Wert,0,0,.NaN,0,0,0,0,0,0
Andrew Austin,1070,240,.224,62,6,6,112,180,6
Marcus Greene,1099,294,.268,118,10,6,168,225,13
Louis Grijalva,1232,332,.269,84,6,34,160,148,23
Jose Barnett,0,0,.NaN,0,0,0,0,0,0
Jeffery Swanson,1203,204,.170,78,4,8,113,253,6
James Lane,0,0,.NaN,0,0,0,0,0,0
Michael Bugajski,1059,228,.215,80,4,2,138,245,8
Michael Blake,0,0,.NaN,0,0,0,0,0,0
Downey Cougars's Player Name,At Bats,Hits,Batting Average,Doubles,Triples,Home Runs,RBI's,Strikeouts,Walks,Innings Pitched,ERA,Earned Runs Allowed,Runs Allowed,Strikeouts,Walks
William Main,189,26,.138,8,0,0,6,45,0,277.0,5.62,173,195,336,22
Joseph Bartz,0,0,.NaN,0,0,0,0,0,0,0.0,0.00,0,0,0,0
Juan Bullard,159,0,.000,0,0,0,0,59,0,274.1,4.17,127,142,316,28
Danny Murcko,0,0,.NaN,0,0,0,0,0,0,0.0,0.00,0,0,0,0
Billy Ortiz,194,14,.072,2,0,0,2,46,2,282.2,3.82,120,133,385,14
Paul Phelps,0,0,.NaN,0,0,0,0,0,0,0.0,0.00,0,0,0,0
William Prater,178,28,.157,10,2,0,18,44,0,268.0,4.30,128,149,329,31
Joseph Smith,0,0,.NaN,0,0,0,0,0,0,0.0,0.00,0,0,0,0
Mike Spyker,117,8,.068,4,0,0,6,31,0,184.1,4.49,92,100,208,17
Andre Stratton,0,0,.NaN,0,0,0,0,0,0,0.0,0.00,0,0,0,0
Richard Mongelli,68,2,.029,0,0,0,0,22,0,105.0,3.43,40,45,105,15
Joaquin Criner,0,0,.NaN,0,0,0,0,0,0,0.0,0.00,0,0,0,0
Harold Pearson,1159,344,.297,104,14,24,194,147,28
Maurice Nichols,0,0,.NaN,0,0,0,0,0,0
Christopher Moore,958,206,.215,52,6,22,125,224,16
Clayton Churilla,0,0,.NaN,0,0,0,0,0,0
Victor Messner,1016,218,.215,78,12,0,148,204,15
Willie Nobbe,1140,320,.281,94,8,26,203,152,6
Daniel Kline,0,0,.NaN,0,0,0,0,0,0
Robert Teniente,1130,274,.242,86,12,0,164,152,7
James Tolzman,1169,362,.310,92,8,74,225,157,30
Thomas Keene,1197,300,.251,94,10,32,165,199,18
Walter Oakley,0,0,.NaN,0,0,0,0,0,0
Christopher Locke,0,0,.NaN,0,0,0,0,0,0
Daniel Wray,926,116,.125,48,12,2,105,246,8
Coral Springs Warriors's Player Name,At Bats,Hits,Batting Average,Doubles,Triples,Home Runs,RBI's,Strikeouts,Walks,Innings Pitched,ERA,Earned Runs Allowed,Runs Allowed,Strikeouts,Walks
Manuel Jimenez,182,22,.121,14,2,0,18,44,1,274.0,4.76,145,171,331,29
Gene Gross,0,0,.NaN,0,0,0,0,0,0,0.0,0.00,0,0,0,0
Reginald Perez,164,6,.037,2,0,0,0,70,0,268.0,5.07,151,182,334,36
Robert Reynoso,0,0,.NaN,0,0,0,0,0,0,0.0,0.00,0,0,0,0
Shawn Raiford,183,12,.066,4,2,0,13,61,0,291.0,4.14,134,159,363,24
Justin Wamsley,0,0,.NaN,0,0,0,0,0,0,0.0,0.00,0,0,0,0
Aaron Lizarraga,181,0,.000,0,0,0,0,65,1,282.1,4.62,145,166,381,30
Norbert Barnett,0,0,.NaN,0,0,0,0,0,0,0.0,0.00,0,0,0,0
Alex Deluca,131,8,.061,0,0,0,0,43,0,208.0,3.55,82,95,253,13
Joey Encalade,0,0,.NaN,0,0,0,0,0,0,0.0,0.00,0,0,0,0
Jeffery Mcintosh,47,2,.043,0,0,0,0,13,0,70.0,3.34,26,44,82,9
Ronald Horst,0,0,.NaN,0,0,0,0,0,0,0.0,0.00,0,0,0,0
Berry Crawley,1137,312,.274,78,14,56,221,141,39
Matthew Vigil,1158,354,.306,78,14,46,228,122,18
Jess Blake,0,0,.NaN,0,0,0,0,0,0
Lonnie Kelly,988,148,.150,64,8,0,104,208,12
Eugene Purdom,0,0,.NaN,0,0,0,0,0,0
Paul Perfect,1023,192,.188,62,8,0,115,235,8
Randall Lake,1252,418,.334,90,8,102,264,114,20
Nathaniel Hoyt,1101,370,.336,92,12,66,275,161,15
Daniel Sandhu,0,0,.NaN,0,0,0,0,0,0
Raul Cronin,1185,304,.257,72,2,6,94,203,29
Joshua Jones,0,0,.NaN,0,0,0,0,0,0
Patrick Houck,0,0,.NaN,0,0,0,0,0,0
Dave Villagrana,1032,210,.203,56,14,10,130,204,4
